{"options":{"awareOfChrome":false,"comment":null,"compat_arrayleft":false,"compat_foreach":false,"compat_forvarin":false,"compat_metadata":false,"compat_uW_gmonkey":false,"compat_wrappedjsobject":false,"compatopts_for_requires":true,"noframes":null,"override":{"merge_connects":true,"merge_excludes":true,"merge_includes":true,"merge_matches":true,"orig_excludes":[],"orig_includes":["http://d.119g.com/*","http://123564.com/*","http://m.123564.com/*","http://www.5xfile.com/*","http://7958.com/*","http://*.7958.com/*","http://qjwm.com/*","http://*.qjwm.com/*","http://www.9pan.net/*","http://*.www.9pan.net/*","http://yun.baidu.com/*","http://*.yun.baidu.com/*","http://pan.baidu.com/*","http://*.pan.baidu.com/*","http://bx0635.com/*","http://*.bx0635.com/*","http://colayun.com/*","http://*.colayun.com/*","http://colafile.com/*","http://*.colafile.com/*","http://coladrive.com/*","http://*.coladrive.com/*","http://400gb.com/*","http://*.400gb.com/*","http://ctdisk.com/*","http://*.ctdisk.com/*","http://pipipan.com/*","http://*.pipipan.com/*","http://bego.cc/*","http://*.bego.cc/*","http://ctfile.com/*","http://*.ctfile.com/*","http://t00y.com/*","http://*.t00y.com/*","http://dlkoo.com/*","http://*.dlkoo.com/*","http://howfile.com/*","http://*.howfile.com/*","http://www.lepan.cc/*","http://www.sx566.com/*","http://rayfile.com/*","http://*.rayfile.com/*","http://sudupan.com/*","http://*.sudupan.com/*","http://vdisk.cn/*","http://*.vdisk.cn/*","http://yimuhe.com/*","http://*.yimuhe.com/*","http://douban.fm/*","http://jing.fm/*","http://moe.fm/*","http://fm.qq.com/*","http://music.163.com/*","http://www.1ting.com/*","http://www.565656.com/*","http://5sing.com/*","http://*.5sing.com/*","http://5sing.kugou.com/*","http://*.5sing.kugou.com/*","http://www.9ku.com/*","http://music.baidu.com/*","http://play.baidu.com/*","http://*.play.baidu.com/*","http://yinyueyun.baidu.com/*","http://www.djcc.com/*","http://www.djkk.com/*","http://www.djye.com/*","http://music.douban.com/*","http://www.duole.com/*","http://ear.duomi.com/*","http://web.kugou.com/*","http://kugou.com/*","http://www.kugou.com/*","http://oyinyue.com/*","http://*.oyinyue.com/*","http://y.qq.com/*","http://*.y.qq.com/*","http://i.y.qq.com/*","http://*.i.y.qq.com/*","http://fm.qq.com/*","http://*.fm.qq.com/*","http://y.qq.com/*","http://soso.music.qq.com/*","http://songtaste.com/*","http://*.songtaste.com/*","http://www.xiami.com/*","http://yinyuetai.com/*","http://*.yinyuetai.com/*","http://79pan.com/*","http://*.79pan.com/*","http://03xg.com/*","http://*.03xg.com/*","http://7mv.cc/*","http://*.7mv.cc/*","http://pan.52zz.org/*","http://*.pan.52zz.org/*","http://258pan.com/*","http://*.258pan.com/*","http://huimeiku.com/*","http://*.huimeiku.com/*","http://wpan.cc/*","http://*.wpan.cc/*","http://ypan.cc/*","http://*.ypan.cc/*","http://azpan.com/*","http://*.azpan.com/*","http://gxdisk.com/*","http://*.gxdisk.com/*","http://2kuai.com/*","http://*.2kuai.com/*","http://1wp.me/*","http://*.1wp.me/*","http://77pan.cc/*","http://*.77pan.cc/*","http://vvpan.com/*","http://*.vvpan.com/*","http://fmdisk.com/*","http://*.fmdisk.com/*","http://bx0635.com/*","http://*.bx0635.com/*","http://10pan.cc/*","http://*.10pan.cc/*","http://1pan.cc/*","http://*.1pan.cc/*","http://123wzwp.com/*","http://*.123wzwp.com/*","http://wwp5.com/*","http://*.wwp5.com/*","http://fydisk.com/*","http://*.fydisk.com/*","https://jixunmoe.github.io/cuwcl4c/config/"],"orig_matches":[],"orig_noframes":null,"orig_run_at":"document-start","use_connects":[],"use_excludes":[],"use_includes":[],"use_matches":[]},"run_at":null},"settings":{"enabled":true,"position":9},"meta":{"name":"Bypass Wait, Code & Login on Websites","uuid":"30dd6317-c057-425c-8dd9-7e3fb0ab5ace","modified":1472522291551,"file_url":"https://greasyfork.org/scripts/2600-%E8%B7%B3%E8%BF%87%E7%BD%91%E7%AB%99%E7%AD%89%E5%BE%85-%E9%AA%8C%E8%AF%81%E7%A0%81%E5%8F%8A%E7%99%BB%E5%BD%95/code/%E8%B7%B3%E8%BF%87%E7%BD%91%E7%AB%99%E7%AD%89%E5%BE%85%E3%80%81%E9%AA%8C%E8%AF%81%E7%A0%81%E5%8F%8A%E7%99%BB%E5%BD%95.user.js"}}