{"options":{"awareOfChrome":false,"comment":null,"compat_arrayleft":false,"compat_foreach":false,"compat_forvarin":false,"compat_metadata":false,"compat_uW_gmonkey":false,"compat_wrappedjsobject":false,"compatopts_for_requires":true,"noframes":null,"override":{"merge_connects":true,"merge_excludes":true,"merge_includes":true,"merge_matches":true,"orig_excludes":[],"orig_includes":["http://*/*"],"orig_matches":[],"use_connects":[],"use_excludes":[],"use_includes":[],"use_matches":[]},"run_at":null},"settings":{"enabled":false,"position":6},"meta":{"name":"Discuz隐藏贴自动回复+刷新","uuid":"a22cb25e-f102-47c1-9572-0dcc5a072813","modified":1472522291451,"file_url":"https://greasyfork.org/scripts/3506-discuz%E9%9A%90%E8%97%8F%E8%B4%B4%E8%87%AA%E5%8A%A8%E5%9B%9E%E5%A4%8D-%E5%88%B7%E6%96%B0/code/Discuz%E9%9A%90%E8%97%8F%E8%B4%B4%E8%87%AA%E5%8A%A8%E5%9B%9E%E5%A4%8D+%E5%88%B7%E6%96%B0.user.js"}}