{"options":{"awareOfChrome":false,"comment":null,"compat_arrayleft":false,"compat_foreach":false,"compat_forvarin":false,"compat_metadata":false,"compat_uW_gmonkey":false,"compat_wrappedjsobject":false,"compatopts_for_requires":true,"noframes":null,"override":{"merge_connects":true,"merge_excludes":true,"merge_includes":true,"merge_matches":true,"orig_connects":[],"orig_excludes":[],"orig_includes":["*://www.amazon.cn/*","*://item.jd.com/*","*://product.dangdang.com/*","*://product.china-pub.com/*","*://product.suning.com/*","*://www.suning.com/emall/*","*://www.duokan.com/book/*","*://www.winxuan.com/product/*","*://www.ituring.com.cn/*"],"orig_matches":[],"orig_noframes":null,"orig_run_at":"document-idle","use_blockers":[],"use_connects":["douban.com"],"use_excludes":[],"use_includes":[],"use_matches":[]},"run_at":null},"settings":{"enabled":true,"position":12},"meta":{"name":"Douban Book Bar","uuid":"2cfa0575-e186-4cf5-8c03-0df9496da9ad","modified":1478769221835,"file_url":"https://greasyfork.org/scripts/3737-douban-book-bar/code/Douban%20Book%20Bar.user.js"}}