{"options":{"awareOfChrome":false,"comment":null,"compat_arrayleft":false,"compat_foreach":false,"compat_forvarin":false,"compat_metadata":false,"compat_uW_gmonkey":false,"compat_wrappedjsobject":false,"compatopts_for_requires":true,"noframes":null,"override":{"merge_connects":true,"merge_excludes":true,"merge_includes":true,"merge_matches":true,"orig_excludes":["http://maps.google.com/*"],"orig_includes":["http://*","https://*"],"orig_matches":[],"use_connects":[],"use_excludes":[],"use_includes":[],"use_matches":[]},"run_at":null},"settings":{"enabled":true,"position":2},"meta":{"name":"Enhanced word highlight","uuid":"8fbc92f5-5e9b-4e53-8de3-c37b3717475a","modified":1472522291410,"file_url":"https://greasyfork.org/scripts/7251-enhanced-word-highlight/code/Enhanced%20word%20highlight.user.js"}}