{"options":{"awareOfChrome":false,"comment":null,"compat_arrayleft":false,"compat_foreach":false,"compat_forvarin":false,"compat_metadata":false,"compat_uW_gmonkey":false,"compat_wrappedjsobject":false,"compatopts_for_requires":true,"noframes":null,"override":{"merge_connects":true,"merge_excludes":true,"merge_includes":true,"merge_matches":true,"orig_excludes":[],"orig_includes":[],"orig_matches":["http://weibo.com/*"],"orig_noframes":null,"orig_run_at":"document-idle","use_connects":[],"use_excludes":[],"use_includes":[],"use_matches":[]},"run_at":null},"settings":{"enabled":false,"position":8},"meta":{"name":"Export Weibo Album to List or Image","uuid":"954cb869-19fc-444f-9541-7a6317c313cb","modified":1472522291540,"file_url":"https://greasyfork.org/scripts/9803-export-weibo-album-to-list-or-image/code/Export%20Weibo%20Album%20to%20List%20or%20Image.user.js"}}