{"options":{"awareOfChrome":false,"comment":null,"compat_arrayleft":false,"compat_foreach":false,"compat_forvarin":false,"compat_metadata":false,"compat_uW_gmonkey":false,"compat_wrappedjsobject":false,"compatopts_for_requires":true,"noframes":null,"override":{"merge_connects":true,"merge_excludes":true,"merge_includes":true,"merge_matches":true,"orig_excludes":[],"orig_includes":["*"],"orig_matches":["*://*/*"],"use_connects":[],"use_excludes":[],"use_includes":[],"use_matches":[]},"run_at":null},"settings":{"enabled":true,"position":4},"meta":{"name":"flashViewer","uuid":"d2e6f8e4-e36c-446c-8cdb-d99a90626beb","modified":1472522291437,"file_url":"https://greasyfork.org/scripts/4285-flashviewer/code/flashViewer.user.js"}}