{"data":{"debug":"bfalse","extent":"bfalse","search_enable":"bfalse","user2655123364config":"s{\"weibo.filters.keyword.whitelist\":[],\"weibo.filters.keyword.blacklist\":[],\"weibo.filters.keyword.foldlist\":[\"吴亦凡\"],\"weibo.filters.regexp.whitelist\":[],\"weibo.filters.regexp.blacklist\":[],\"weibo.filters.regexp.foldlist\":[],\"weibo.content.types_mention\":true,\"weibo.content.types_topic\":true,\"weibo.content.types_link\":false,\"weibo.content.types_emotion\":false,\"weibo.filters.account.whitelist\":[],\"weibo.filters.account.blacklist\":[],\"weibo.filters.account.foldlist\":[],\"weibo.filters.original.whitelist\":[],\"weibo.filters.original.blacklist\":[],\"weibo.filters.original.foldlist\":[],\"weibo.filters.mention.whitelist\":[],\"weibo.filters.mention.blacklist\":[],\"weibo.filters.mention.foldlist\":[],\"weibo.filters.topic.whitelist\":[],\"weibo.filters.topic.blacklist\":[],\"weibo.filters.topic.foldlist\":[],\"weibo.filters.rtopic.whitelist\":[],\"weibo.filters.rtopic.blacklist\":[],\"weibo.filters.rtopic.foldlist\":[],\"weibo.filters.source.whitelist\":[],\"weibo.filters.source.blacklist\":[],\"weibo.filters.source.foldlist\":[],\"weibo.filters.hyperlink.whitelist\":[],\"weibo.filters.hyperlink.blacklist\":[],\"weibo.filters.hyperlink.foldlist\":[],\"weibo.other.my_weibo\":false,\"weibo.other.my_original\":false,\"weibo.other.mention_me\":false,\"weibo.other.ad_feed\":false,\"weibo.other.fans_top\":false,\"weibo.other.fake_weibo\":false,\"weibo.other.deleted_forward\":false,\"weibo.other.vote_weibo\":false,\"weibo.other.tb_tm_wb\":false,\"weibo.other.same_account.number\":5,\"weibo.other.same_account.action\":\"fold\",\"weibo.other.same_account\":false,\"weibo.other.same_forward.number\":3,\"weibo.other.same_forward.action\":\"fold\",\"weibo.other.same_forward\":false,\"weibo.other.group_account\":false,\"weibo.other.group_same_account\":false,\"weibo.other.auto_load_new_weibo\":false,\"weibo.other.auto_expand.etypes\":false,\"weibo.other.auto_expand.background\":true,\"weibo.other.auto_expand\":false,\"weibo.other.desktop_notification.types\":true,\"weibo.other.desktop_notification.autohide\":true,\"weibo.other.desktop_notification.shorten\":false,\"weibo.other.desktop_notification.shortlen\":50,\"weibo.other.desktop_notification.duration\":3000,\"weibo.other.desktop_notification.durationc\":150,\"weibo.other.desktop_notification.ntypes\":false,\"weibo.other.desktop_notification\":false,\"weibo.layoutHideIconLevel\":false,\"weibo.layoutHideIconMember\":false,\"weibo.layoutHideIconApprove\":false,\"weibo.layoutHideIconApproveCo\":false,\"weibo.layoutHideIconClub\":false,\"weibo.layoutHideIconVGirl\":false,\"weibo.layoutHideIconTaobao\":false,\"weibo.layoutHideIconGongyi\":false,\"weibo.layoutHideIconZongyika\":false,\"weibo.layoutHideIconYouji\":false,\"weibo.layoutHideNavMain\":false,\"weibo.layoutHideNavHot\":false,\"weibo.layoutHideNavApp\":false,\"weibo.layoutHideNavGame\":false,\"weibo.layoutHideNavNoticeNew\":false,\"weibo.layoutHideNavMember\":false,\"weibo.layoutHideLeftToMe\":false,\"weibo.layoutHideLeftFriends\":false,\"weibo.layoutHideLeftApp\":false,\"weibo.layoutHideMiddleRecommendedTopic\":false,\"weibo.layoutHideMiddleFeedRecommand\":false,\"weibo.layoutHideMiddleMemberTip\":false,\"weibo.layoutHideRightInfo\":false,\"weibo.layoutHideRightAtten\":false,\"weibo.layoutHideRightTrial\":false,\"weibo.layoutHideRightInterest\":false,\"weibo.layoutHideRightHotTopic\":false,\"weibo.layoutHideRightMember\":false,\"weibo.layoutHideRightWeibo\":false,\"weibo.layoutHideRightLocation\":false,\"weibo.layoutHideRightMusic\":false,\"weibo.layoutHideRightMovie\":false,\"weibo.layoutHideRightBook\":false,\"weibo.layoutHideRightNotice\":false,\"weibo.layoutHideWeiboRecomFeed\":false,\"weibo.layoutHideWeiboFeedTip\":false,\"weibo.layoutHideWeiboTopicCard\":false,\"weibo.layoutHideWeiboLocationCard\":false,\"weibo.layoutHideWeiboLastPic\":false,\"weibo.layoutHideWeiboTopComment\":false,\"weibo.layoutHideWeiboSonTitle\":false,\"weibo.layoutHideWeiboSource\":false,\"weibo.layoutHideWeiboReport\":false,\"weibo.layoutHideWeiboLike\":false,\"weibo.layoutHideWeiboForward\":false,\"weibo.layoutHideWeiboFavourite\":false,\"weibo.layoutHideWeiboBlockBySource\":false,\"weibo.layoutHideWeiboBlockByKeyword\":false,\"weibo.layoutHidePersonMoveThings\":false,\"weibo.layoutHidePersonCover\":false,\"weibo.layoutHidePersonBadgeIcon\":false,\"weibo.layoutHidePersonStats\":false,\"weibo.layoutHidePersonMyData\":false,\"weibo.layoutHidePersonGroup\":false,\"weibo.layoutHidePersonSuggestUser\":false,\"weibo.layoutHidePersonRelation\":false,\"weibo.layoutHidePersonAlbum\":false,\"weibo.layoutHidePersonHotTopic\":false,\"weibo.layoutHidePersonHotWeibo\":false,\"weibo.layoutHideAttentionSuccess\":false,\"weibo.layoutHideAttentionRecommend\":false,\"weibo.layoutHideOtherAds\":false,\"weibo.layoutHideOtherFeedRecom\":false,\"weibo.layoutHideOtherFooter\":false,\"weibo.layoutHideOtherWbIm\":false,\"weibo.layoutHideOtherTip\":false,\"weibo.layoutHideOtherIM\":false,\"weibo.tool.showAllGroup\":false,\"weibo.tool.showAllMsgNav\":false,\"weibo.tool.mergeColumns.side\":\"right\",\"weibo.tool.mergeColumns\":false,\"weibo.tool.fixedLeft.items\":\"default\",\"weibo.tool.fixedLeft\":true,\"weibo.tool.filte_right_topic\":false,\"weibo.tool.clear_def_topic\":false,\"weibo.tool.public_by_default\":false,\"weibo.tool.unwrapText\":false,\"weibo.tool.redirectWeibo\":false,\"weibo.tool.viewOriginal\":true,\"weibo.tool.expandTCn\":false,\"weibo.tool.uncheck_recom_join\":false,\"undefined.text\":\"author-reason\",\"undefined\":false,\"weibo.tool.hover_show_fold\":false,\"weibo.tool.whitelist_highlight.color\":\"#dafee4\",\"weibo.tool.whitelist_highlight.transparency\":0,\"weibo.tool.whitelist_highlight\":false,\"weibo.tool.other_background_color.color\":\"#ffffff\",\"weibo.tool.other_background_color.transparency\":30,\"weibo.tool.other_background_color\":false,\"weibo.tool.weibo_only.width\":600,\"weibo.tool.weibo_only.key\":119,\"weibo.tool.weibo_only.switch\":false,\"weibo.tool.weibo_only.usebgc\":false,\"weibo.tool.weibo_only.color\":\"#ffffff\",\"weibo.tool.weibo_only.transparency\":20,\"weibo.tool.weibo_only._enabled\":false,\"weibo.tool.weibo_only\":false,\"weibo.tool.userstyle\":\"\",\"weibo.layoutHideNavLogoImg\":false,\"weibo.layoutHideLeftNew\":false,\"weibo.layoutHideLeftCount\":false,\"weibo.layoutHideWeiboGroupTip\":false,\"weibo.layoutHideMessagesHelp\":false,\"weibo.layoutHideMessagesDesktop\":false,\"weibo.layoutHideMessagesFeedback\":false,\"weibo.layoutHideMessagesCommentTop\":false,\"weibo.layoutHideMessagesReport\":false,\"weibo.layoutHideMessagesYoudao\":false,\"weibo.tool.fold_text.text\":\"author-reason\",\"weibo.tool.fold_text\":false,\"weibo.other.wei_huati\":false,\"weibo.other.customize_source.action\":\"hidden\",\"weibo.other.customize_source\":false,\"weibo.layoutHideRightGroups\":false,\"weibo.layoutHideWeiboAppCard\":false,\"weibo.layoutHideLeftNews\":false,\"weibo.layoutHideIconApproveDead\":false,\"weibo.tool.use_fast_creator\":true,\"weibo.layoutHideRightV6UpdateV6\":false,\"weibo.layoutHideRightV5UpdateV6\":false,\"weibo.layoutHideWeiboPop\":false,\"weibo.layoutHideOtherMusic\":false,\"weibo.tool.refilter\":true,\"weibo.tool.fast_block_button.type\":\"simple\",\"weibo.content.types_linkt\":true,\"weibo.content.types_linku\":false,\"weibo.filters.linktitle.whitelist\":[],\"weibo.filters.linktitle.blacklist\":[],\"weibo.filters.linktitle.foldlist\":[],\"weibo.other.comment_and_reply\":false,\"weibo.other.red2014\":false,\"weibo.other.wei_qun\":false,\"weibo.other.wei_fangtan\":false,\"weibo.other.unauth_source\":false,\"weibo.other.multi_topic.num\":5,\"weibo.other.multi_topic\":false,\"weibo.layoutHideIconSuishoupai\":false,\"weibo.layoutHideIconDouble11\":false,\"weibo.layoutHideIconNight\":false,\"weibo.layoutHideIconRedPack\":false,\"weibo.layoutHideIconHero\":false,\"weibo.layoutHideRightHongBaoEntrance\":false,\"weibo.layoutHideRightHotTopicExpand\":false,\"weibo.layoutHideRightRecomGroupUser\":false,\"weibo.layoutHideRightHongbaoRank\":false,\"weibo.layoutHideRightTaobaoMovie\":false,\"weibo.layoutHideWeiboYY2015\":false,\"weibo.layoutHideWeiboPicTag\":false,\"weibo.layoutHideWeiboCard\":false,\"weibo.layoutHideWeiboArticalPay\":false,\"weibo.layoutHideWeiboTag\":false,\"weibo.layoutHideWeiboMovieTag\":false,\"weibo.layoutHideWeiboPromoteOther\":false,\"weibo.layoutHidePersonVerify\":false,\"weibo.layoutHidePersonEditPersonInfo\":false,\"weibo.layoutHidePersonUserList\":false,\"weibo.layoutHidePersonHongbao\":false,\"weibo.layoutHidePersonTimeline\":false,\"weibo.layout.pleft\":[],\"weibo.layoutHideOtherHomeTip\":false,\"weibo.layoutHideOtherRelatedWB\":false,\"weibo.layoutHideOtherSendWeibo\":false,\"weibo.tool.showAllMsgNav.atme\":true,\"weibo.tool.showAllMsgNav.cmt\":true,\"weibo.tool.showAllMsgNav.like\":true,\"weibo.tool.showAllMsgNav.dm\":true,\"weibo.tool.showAllMsgNav.msgbox\":true,\"weibo.tool.showAllMsgNav.group\":true,\"weibo.tool.chose_side.side\":\"right\",\"weibo.tool.chose_side\":false,\"weibo.tool.filte_right_topic_count.number\":200,\"weibo.tool.filte_right_topic_count\":false,\"weibo.tool.fixedRight\":true,\"weibo.tool.fixedNewFeedTip\":false,\"weibo.tool.fixedOthers\":true,\"weibo.tool.uncheck_follow_presenter\":false,\"weibo.tool.cardButton\":false,\"weibo.tool.replace_link.url\":\"short\",\"weibo.tool.replace_link\":false,\"weibo.tool.custom_font_family.wf\":\"Times\",\"weibo.tool.custom_font_family.cf\":\"中易宋体\",\"weibo.tool.custom_font_family\":false,\"weibo.tool.weibo_large_font.ratio\":\"120\",\"weibo.tool.weibo_large_font\":false,\"weibo.tool.avatar_shape.shape\":\"square\",\"weibo.tool.avatar_shape\":false,\"weibo.tool.dark_nav_bar\":false,\"weibo.tool.reorder_nav_bar\":false,\"weibo.tool.no_weibo_space\":false,\"weibo.layout.reorder.1\":\"pop\",\"weibo.layout.reorder.2\":\"favorite\",\"weibo.layout.reorder.3\":\"forward\",\"weibo.layout.reorder.4\":\"comment\",\"weibo.layout.reorder.5\":\"like\",\"weibo.layout.reorder\":true,\"weibo.layout.cmtorder.1\":\"report\",\"weibo.layout.cmtorder.2\":\"delete\",\"weibo.layout.cmtorder.3\":\"conversition\",\"weibo.layout.cmtorder.4\":\"reply\",\"weibo.layout.cmtorder.5\":\"like\",\"weibo.layout.cmtorder\":true,\"weibo._yawf_version\":419,\"weibo.filters.accountf.blacklist\":[],\"weibo.filters.accountf.foldlist\":[],\"weibo.filters.ckeyword.whitelist\":[],\"weibo.filters.ckeyword.blacklist\":[],\"weibo.filters.cuser.whitelist\":[],\"weibo.filters.cuser.blacklist\":[],\"weibo.filters.ctopic.whitelist\":[],\"weibo.filters.ctopic.blacklist\":[],\"weibo.comment.emoji_count.number\":8,\"weibo.comment.emoji_count\":false,\"weibo.comment.emoji_types.number\":4,\"weibo.comment.emoji_types\":false,\"weibo.comment.no_content\":false,\"weibo.comment.with_forward\":false,\"weibo.comment.with_picture.act\":\"fold\",\"weibo.comment.with_picture\":false,\"weibo.tool.fast_emoji.top\":[null,null,null,null,null,null,null,null,null,null],\"weibo.tool.fast_emoji.recent\":[null,null,null,null,null,null,null,null,null,null],\"weibo.tool.fast_emoji\":false,\"weibo.original.blacklist_d\":true,\"weibo.layoutHidePersonBGImg\":false,\"weibo.comment.my_comment\":true,\"weibo.comment.delete_comment\":false,\"weibo.layoutHideRightRecomMusicRank\":false,\"weibo.tool.width_weibo.width\":750,\"weibo.tool.width_weibo\":false,\"weibo.layoutHideIconRun\":false,\"weibo.layoutHideRightAttFeed\":false,\"weibo.other.wei_gongyi\":false,\"weibo.layoutHideIconDiDi\":false,\"weibo.layoutHideWeiboVIPBackground\":false,\"weibo.layoutHideNavSettingNew\":false,\"weibo.tool.html5Video\":true,\"weibo.layoutHideRightBookRank\":false,\"weibo.other.product_card\":false,\"weibo.other.appitem\":false,\"weibo.tool.right_user_list\":[],\"weibo.tool.right_user_list_notice\":false,\"script.other.auto_complete\":true,\"weibo.tool.right_user_list_notice._records\":[],\"weibo.tool.right_user_list_notice._last\":{},\"weibo.content.types_stock\":true,\"weibo.other.stock\":false,\"weibo.layoutHideNavHotSearch\":false,\"weibo.tool.showAllMsgNav.dmsub\":false,\"weibo.tool.fast_hide_button\":true,\"weibo.tool.disable_lazyload\":true,\"weibo.layoutHideWeiboLikeComment\":false,\"weibo.layoutHideOtherTemplate\":false,\"weibo.tool.replace_image_emoji\":false,\"weibo.filters.cregexp.whitelist\":[],\"weibo.filters.cregexp.blacklist\":[],\"weibo.layoutHideWeiboShield\":false,\"weibo.layoutHideWeiboUseCardBackground\":false,\"weibo.tool.hide_nav_bar\":false,\"weibo.tool.set_skin.skin\":\"skin058\",\"weibo.tool.set_skin\":false,\"weibo.tool.use_hold_creator\":true,\"weibo.other.insert_feed\":false,\"weibo.other.too_long\":false,\"weibo.tool.auto_unfold_weibo.count\":200,\"weibo.tool.auto_unfold_weibo.br\":30,\"weibo.tool.auto_unfold_weibo\":false,\"weibo.tool.unwrapContent.text\":\"⏎\",\"weibo.tool.unwrapContent\":false,\"weibo.tool.image_size.repost\":false,\"weibo.tool.image_size\":false,\"weibo.tool.from_in_bottom\":false,\"weibo.layoutHideLeftGroupToMe\":false,\"weibo.layoutHideLeftSpecial\":false,\"weibo.layoutHideLeftWhisper\":false,\"weibo.other.wenwodr\":false,\"weibo.layoutHidePersonWenwoDr\":false,\"weibo.tool.color_override.color3\":\"#ffffff\",\"weibo.tool.color_override.transparency3\":30,\"weibo.tool.color_override.color2\":\"#ffffff\",\"weibo.tool.color_override.transparency2\":30,\"weibo.tool.color_override.color1\":\"#f6f6f6\",\"weibo.tool.color_override.transparency1\":30,\"weibo.tool.color_override\":false,\"weibo.tool.viewOriginal.open\":\"page\",\"weibo.other.feed_list_page\":false,\"weibo.other.weibo_pay_gift\":false,\"weibo.tool.viewOriginal.direct\":false,\"weibo.tool.noTagDialog\":false,\"weibo.layoutHideIconFoolsDay\":false,\"weibo.tool.user_page_no_author.who\":\"all\",\"weibo.tool.user_page_no_author\":false,\"weibo.layoutHideIconCheng\":false,\"weibo.layoutHideIconHong\":false,\"weibo.other.yizhibo.type\":\"all\",\"weibo.other.yizhibo\":false,\"weibo.tool.nav_hide_name.act\":\"replace\",\"weibo.tool.nav_hide_name\":false,\"weibo.layoutHideIconEuro2016\":false,\"weibo.layoutHideLeftHome\":false,\"weibo.layoutHideLeftFav\":false,\"weibo.layoutHideLeftLike\":false,\"weibo.layoutHideLeftHot\":false,\"weibo.tool.auto_unfold_ttartical\":false,\"weibo.tool.auto_check_following.frequency\":\"3\",\"weibo.tool.auto_check_following\":false,\"weibo.layoutHideIconOlympic\":false,\"weibo.layoutHideRightOlympic\":false,\"weibo.layoutHideLeftOlympic\":false,\"weibo.layoutHideNavTV\":false,\"weibo.layoutHideNavHotTip\":false,\"weibo.tool.load_weibo_by_search\":false,\"weibo.layoutHideOtherRelatedArtical\":false,\"weibo.layoutHideIconWedding\":false,\"weibo.tool.disable_desktop_notification\":false,\"weibo.tool.disable_live_photo\":false}","user2655123364hidden":"s[\"3981714902738788\",\"3906656947628412\"]","user3655689037config":"s{\"weibo.filters.keyword.whitelist\":[],\"weibo.filters.keyword.blacklist\":[],\"weibo.filters.keyword.foldlist\":[],\"weibo.filters.regexp.whitelist\":[],\"weibo.filters.regexp.blacklist\":[],\"weibo.filters.regexp.foldlist\":[],\"weibo.content.types_mention\":true,\"weibo.content.types_topic\":true,\"weibo.content.types_link\":false,\"weibo.content.types_emotion\":false,\"weibo.filters.account.whitelist\":[],\"weibo.filters.account.blacklist\":[],\"weibo.filters.account.foldlist\":[],\"weibo.filters.original.whitelist\":[],\"weibo.filters.original.blacklist\":[],\"weibo.filters.original.foldlist\":[],\"weibo.filters.mention.whitelist\":[],\"weibo.filters.mention.blacklist\":[],\"weibo.filters.mention.foldlist\":[],\"weibo.filters.topic.whitelist\":[],\"weibo.filters.topic.blacklist\":[],\"weibo.filters.topic.foldlist\":[],\"weibo.filters.rtopic.whitelist\":[],\"weibo.filters.rtopic.blacklist\":[],\"weibo.filters.rtopic.foldlist\":[],\"weibo.filters.source.whitelist\":[],\"weibo.filters.source.blacklist\":[],\"weibo.filters.source.foldlist\":[],\"weibo.filters.hyperlink.whitelist\":[],\"weibo.filters.hyperlink.blacklist\":[],\"weibo.filters.hyperlink.foldlist\":[],\"weibo.other.my_weibo\":false,\"weibo.other.my_original\":false,\"weibo.other.mention_me\":false,\"weibo.other.ad_feed\":false,\"weibo.other.fans_top\":false,\"weibo.other.fake_weibo\":false,\"weibo.other.deleted_forward\":false,\"weibo.other.vote_weibo\":false,\"weibo.other.tb_tm_wb\":false,\"weibo.other.wei_huati\":false,\"weibo.other.customize_source.action\":\"hidden\",\"weibo.other.customize_source\":false,\"weibo.other.same_account.number\":5,\"weibo.other.same_account.action\":\"fold\",\"weibo.other.same_account\":false,\"weibo.other.same_forward.number\":3,\"weibo.other.same_forward.action\":\"fold\",\"weibo.other.same_forward\":false,\"weibo.other.group_account\":false,\"weibo.other.group_same_account\":false,\"weibo.tool.use_fast_creator\":true,\"weibo.other.auto_load_new_weibo\":false,\"weibo.other.auto_expand.etypes\":false,\"weibo.other.auto_expand.background\":true,\"weibo.other.auto_expand\":false,\"weibo.other.desktop_notification.types\":true,\"weibo.other.desktop_notification.autohide\":true,\"weibo.other.desktop_notification.shorten\":false,\"weibo.other.desktop_notification.shortlen\":50,\"weibo.other.desktop_notification.duration\":3000,\"weibo.other.desktop_notification.durationc\":150,\"weibo.other.desktop_notification.ntypes\":false,\"weibo.other.desktop_notification\":false,\"weibo.layoutHideIconLevel\":false,\"weibo.layoutHideIconMember\":false,\"weibo.layoutHideIconApprove\":false,\"weibo.layoutHideIconApproveCo\":false,\"weibo.layoutHideIconApproveDead\":false,\"weibo.layoutHideIconClub\":false,\"weibo.layoutHideIconVGirl\":false,\"weibo.layoutHideIconTaobao\":false,\"weibo.layoutHideIconGongyi\":false,\"weibo.layoutHideIconZongyika\":false,\"weibo.layoutHideIconYouji\":false,\"weibo.layoutHideNavLogoImg\":false,\"weibo.layoutHideNavMain\":false,\"weibo.layoutHideNavHot\":false,\"weibo.layoutHideNavApp\":false,\"weibo.layoutHideNavGame\":false,\"weibo.layoutHideNavNoticeNew\":false,\"weibo.layoutHideNavMember\":false,\"weibo.layoutHideLeftToMe\":false,\"weibo.layoutHideLeftFriends\":false,\"weibo.layoutHideLeftApp\":false,\"weibo.layoutHideLeftNew\":false,\"weibo.layoutHideLeftNews\":false,\"weibo.layoutHideLeftCount\":false,\"weibo.layoutHideMiddleRecommendedTopic\":false,\"weibo.layoutHideMiddleFeedRecommand\":false,\"weibo.layoutHideMiddleMemberTip\":false,\"weibo.layoutHideRightInfo\":false,\"weibo.layoutHideRightAtten\":false,\"weibo.layoutHideRightGroups\":false,\"weibo.layoutHideRightV6UpdateV6\":false,\"weibo.layoutHideRightV5UpdateV6\":false,\"weibo.layoutHideRightTrial\":false,\"weibo.layoutHideRightInterest\":false,\"weibo.layoutHideRightHotTopic\":false,\"weibo.layoutHideRightMember\":false,\"weibo.layoutHideRightWeibo\":false,\"weibo.layoutHideRightLocation\":false,\"weibo.layoutHideRightMusic\":false,\"weibo.layoutHideRightMovie\":false,\"weibo.layoutHideRightBook\":false,\"weibo.layoutHideRightNotice\":false,\"weibo.layoutHideWeiboRecomFeed\":false,\"weibo.layoutHideWeiboFeedTip\":false,\"weibo.layoutHideWeiboGroupTip\":false,\"weibo.layoutHideWeiboTopicCard\":false,\"weibo.layoutHideWeiboLocationCard\":false,\"weibo.layoutHideWeiboLastPic\":false,\"weibo.layoutHideWeiboTopComment\":false,\"weibo.layoutHideWeiboSonTitle\":false,\"weibo.layoutHideWeiboSource\":false,\"weibo.layoutHideWeiboAppCard\":false,\"weibo.layoutHideWeiboReport\":false,\"weibo.layoutHideWeiboPop\":false,\"weibo.layoutHideWeiboLike\":false,\"weibo.layoutHideWeiboForward\":false,\"weibo.layoutHideWeiboFavourite\":false,\"weibo.layoutHideWeiboBlockBySource\":false,\"weibo.layoutHideWeiboBlockByKeyword\":false,\"weibo.layoutHidePersonMoveThings\":false,\"weibo.layoutHidePersonCover\":false,\"weibo.layoutHidePersonBadgeIcon\":false,\"weibo.layoutHidePersonStats\":false,\"weibo.layoutHidePersonMyData\":false,\"weibo.layoutHidePersonGroup\":false,\"weibo.layoutHidePersonSuggestUser\":false,\"weibo.layoutHidePersonRelation\":false,\"weibo.layoutHidePersonAlbum\":false,\"weibo.layoutHidePersonHotTopic\":false,\"weibo.layoutHidePersonHotWeibo\":false,\"weibo.layoutHideMessagesHelp\":false,\"weibo.layoutHideMessagesFeedback\":false,\"weibo.layoutHideMessagesDesktop\":false,\"weibo.layoutHideMessagesCommentTop\":false,\"weibo.layoutHideMessagesReport\":false,\"weibo.layoutHideMessagesYoudao\":false,\"weibo.layoutHideAttentionSuccess\":false,\"weibo.layoutHideAttentionRecommend\":false,\"weibo.layoutHideOtherAds\":false,\"weibo.layoutHideOtherFeedRecom\":false,\"weibo.layoutHideOtherFooter\":false,\"weibo.layoutHideOtherWbIm\":false,\"weibo.layoutHideOtherTip\":false,\"weibo.layoutHideOtherMusic\":false,\"weibo.layoutHideOtherIM\":false,\"weibo.tool.showAllGroup\":false,\"weibo.tool.showAllMsgNav\":false,\"weibo.tool.mergeColumns.side\":\"right\",\"weibo.tool.mergeColumns\":false,\"weibo.tool.fixedLeft.items\":\"default\",\"weibo.tool.fixedLeft\":true,\"weibo.tool.filte_right_topic\":false,\"weibo.tool.clear_def_topic\":false,\"weibo.tool.public_by_default\":false,\"weibo.tool.unwrapText\":false,\"weibo.tool.redirectWeibo\":false,\"weibo.tool.viewOriginal\":true,\"weibo.tool.expandTCn\":false,\"weibo.tool.uncheck_recom_join\":false,\"weibo.tool.fold_text.text\":\"author-reason\",\"weibo.tool.fold_text\":false,\"weibo.tool.hover_show_fold\":false,\"weibo.tool.whitelist_highlight.color\":\"#dafee4\",\"weibo.tool.whitelist_highlight.transparency\":0,\"weibo.tool.whitelist_highlight\":false,\"weibo.tool.other_background_color.color\":\"#ffffff\",\"weibo.tool.other_background_color.transparency\":30,\"weibo.tool.other_background_color\":false,\"weibo.tool.weibo_only.width\":600,\"weibo.tool.weibo_only.key\":119,\"weibo.tool.weibo_only.switch\":false,\"weibo.tool.weibo_only.usebgc\":false,\"weibo.tool.weibo_only._enabled\":false,\"weibo.tool.weibo_only.color\":\"#ffffff\",\"weibo.tool.weibo_only.transparency\":20,\"weibo.tool.weibo_only\":false,\"weibo.tool.userstyle\":\"\",\"undefined\":true,\"weibo._yawf_version\":393,\"weibo.tool.refilter\":true,\"weibo.tool.fast_hide_button\":false,\"weibo.tool.disable_lazyload\":false,\"weibo.content.types_stock\":true,\"weibo.content.types_linkt\":true,\"weibo.content.types_linku\":false,\"weibo.filters.accountf.blacklist\":[],\"weibo.filters.accountf.foldlist\":[],\"weibo.original.blacklist_d\":true,\"weibo.filters.linktitle.whitelist\":[],\"weibo.filters.linktitle.blacklist\":[],\"weibo.filters.linktitle.foldlist\":[],\"weibo.other.product_card\":false,\"weibo.other.weibo_pay_gift\":false,\"weibo.other.comment_and_reply\":false,\"weibo.other.red2014\":false,\"weibo.other.appitem\":false,\"weibo.other.wenwodr\":false,\"weibo.other.yizhibo.type\":\"all\",\"weibo.other.yizhibo\":false,\"weibo.other.stock\":false,\"weibo.other.multi_topic.num\":5,\"weibo.other.multi_topic\":false,\"weibo.other.too_long\":false,\"weibo.other.wei_qun\":false,\"weibo.other.wei_fangtan\":false,\"weibo.other.wei_gongyi\":false,\"weibo.other.unauth_source\":false,\"weibo.filters.ckeyword.whitelist\":[],\"weibo.filters.ckeyword.blacklist\":[],\"weibo.filters.cregexp.whitelist\":[],\"weibo.filters.cregexp.blacklist\":[],\"weibo.filters.cuser.whitelist\":[],\"weibo.filters.cuser.blacklist\":[],\"weibo.filters.ctopic.whitelist\":[],\"weibo.filters.ctopic.blacklist\":[],\"weibo.comment.my_comment\":true,\"weibo.comment.emoji_count.number\":8,\"weibo.comment.emoji_count\":false,\"weibo.comment.emoji_types.number\":4,\"weibo.comment.emoji_types\":false,\"weibo.comment.no_content\":false,\"weibo.comment.with_forward\":false,\"weibo.comment.with_picture.act\":\"fold\",\"weibo.comment.with_picture\":false,\"weibo.comment.delete_comment\":false,\"weibo.layoutHideIconCheng\":false,\"weibo.layoutHideIconSuishoupai\":false,\"weibo.layoutHideIconDouble11\":false,\"weibo.layoutHideIconNight\":false,\"weibo.layoutHideIconRedPack\":false,\"weibo.layoutHideIconRun\":false,\"weibo.layoutHideIconFoolsDay\":false,\"weibo.layoutHideIconHong\":false,\"weibo.layoutHideIconEuro2016\":false,\"weibo.layoutHideNavHotSearch\":false,\"weibo.layoutHideNavSettingNew\":false,\"weibo.layoutHideLeftHome\":false,\"weibo.layoutHideLeftFav\":false,\"weibo.layoutHideLeftLike\":false,\"weibo.layoutHideLeftHot\":false,\"weibo.layoutHideLeftGroupToMe\":false,\"weibo.layoutHideLeftSpecial\":false,\"weibo.layoutHideLeftWhisper\":false,\"weibo.layoutHideRightRecomMusicRank\":false,\"weibo.layoutHideRightHotTopicExpand\":false,\"weibo.layoutHideRightRecomGroupUser\":false,\"weibo.layoutHideRightHongbaoRank\":false,\"weibo.layoutHideRightAttFeed\":false,\"weibo.layoutHideRightTaobaoMovie\":false,\"weibo.layoutHideWeiboVIPBackground\":false,\"weibo.layoutHideWeiboPicTag\":false,\"weibo.layoutHideWeiboCard\":false,\"weibo.layoutHideWeiboArticalPay\":false,\"weibo.layoutHideWeiboTag\":false,\"weibo.layoutHideWeiboMovieTag\":false,\"weibo.layoutHideWeiboLikeComment\":false,\"weibo.layoutHideWeiboPromoteOther\":false,\"weibo.layoutHideWeiboShield\":false,\"weibo.layoutHideWeiboUseCardBackground\":false,\"weibo.layoutHidePersonBGImg\":false,\"weibo.layoutHidePersonVerify\":false,\"weibo.layoutHidePersonEditPersonInfo\":false,\"weibo.layoutHidePersonUserList\":false,\"weibo.layoutHidePersonHongbao\":false,\"weibo.layoutHidePersonWenwoDr\":false,\"weibo.layoutHidePersonTimeline\":false,\"weibo.layout.pleft\":[],\"weibo.layoutHideOtherTemplate\":false,\"weibo.layoutHideOtherHomeTip\":false,\"weibo.layoutHideOtherRelatedWB\":false,\"weibo.layoutHideOtherSendWeibo\":false,\"weibo.tool.showAllMsgNav.atme\":true,\"weibo.tool.showAllMsgNav.cmt\":true,\"weibo.tool.showAllMsgNav.like\":false,\"weibo.tool.showAllMsgNav.dm\":false,\"weibo.tool.showAllMsgNav.msgbox\":false,\"weibo.tool.showAllMsgNav.group\":false,\"weibo.tool.showAllMsgNav.dmsub\":false,\"weibo.tool.chose_side.side\":\"right\",\"weibo.tool.chose_side\":false,\"weibo.tool.filte_right_topic_count.number\":200,\"weibo.tool.filte_right_topic_count\":false,\"weibo.tool.right_user_list\":[],\"weibo.tool.right_user_list_notice._records\":[],\"weibo.tool.right_user_list_notice._last\":{},\"weibo.tool.right_user_list_notice\":false,\"weibo.tool.hide_nav_bar\":false,\"weibo.tool.fixedRight\":true,\"weibo.tool.fixedNewFeedTip\":false,\"weibo.tool.fixedOthers\":true,\"weibo.tool.auto_unfold_weibo.count\":200,\"weibo.tool.auto_unfold_weibo.br\":30,\"weibo.tool.auto_unfold_weibo\":false,\"weibo.tool.uncheck_follow_presenter\":false,\"weibo.tool.cardButton\":false,\"weibo.tool.viewOriginal.open\":\"page\",\"weibo.tool.viewOriginal.direct\":false,\"weibo.tool.noTagDialog\":false,\"weibo.tool.html5Video\":false,\"weibo.tool.replace_link\":false,\"weibo.tool.replace_image_emoji\":false,\"weibo.tool.fast_emoji.top\":[null,null,null,null,null,null,null,null,null,null],\"weibo.tool.fast_emoji.recent\":[null,null,null,null,null,null,null,null,null,null],\"weibo.tool.fast_emoji\":false,\"weibo.tool.custom_font_family.wf\":\"Times\",\"weibo.tool.custom_font_family.cf\":\"中易宋体\",\"weibo.tool.custom_font_family\":false,\"weibo.tool.weibo_large_font.ratio\":\"120\",\"weibo.tool.weibo_large_font\":false,\"weibo.tool.avatar_shape.shape\":\"square\",\"weibo.tool.avatar_shape\":false,\"weibo.tool.dark_nav_bar\":false,\"weibo.tool.reorder_nav_bar\":false,\"weibo.tool.nav_hide_name.act\":\"replace\",\"weibo.tool.nav_hide_name\":false,\"weibo.tool.width_weibo.width\":750,\"weibo.tool.width_weibo\":false,\"weibo.tool.set_skin.skin\":\"skin058\",\"weibo.tool.set_skin\":false,\"weibo.tool.unwrapContent.text\":\"⏎\",\"weibo.tool.unwrapContent\":false,\"weibo.tool.image_size.repost\":false,\"weibo.tool.image_size\":false,\"weibo.tool.no_weibo_space\":false,\"weibo.tool.from_in_bottom\":false,\"weibo.tool.user_page_no_author.who\":\"all\",\"weibo.tool.user_page_no_author\":false,\"weibo.layout.reorder.1\":\"pop\",\"weibo.layout.reorder.2\":\"favorite\",\"weibo.layout.reorder.3\":\"forward\",\"weibo.layout.reorder.4\":\"comment\",\"weibo.layout.reorder.5\":\"like\",\"weibo.layout.reorder\":true,\"weibo.layout.cmtorder.1\":\"report\",\"weibo.layout.cmtorder.2\":\"delete\",\"weibo.layout.cmtorder.3\":\"conversition\",\"weibo.layout.cmtorder.4\":\"reply\",\"weibo.layout.cmtorder.5\":\"like\",\"weibo.layout.cmtorder\":true,\"weibo.tool.color_override.color1\":\"#f6f6f6\",\"weibo.tool.color_override.transparency1\":30,\"weibo.tool.color_override.color2\":\"#ffffff\",\"weibo.tool.color_override.transparency2\":30,\"weibo.tool.color_override.color3\":\"#ffffff\",\"weibo.tool.color_override.transparency3\":30,\"weibo.tool.color_override\":false,\"script.other.auto_complete\":true}","whatsnew":"btrue"},"ts":1479468943041}