{"options":{"awareOfChrome":false,"comment":null,"compat_arrayleft":false,"compat_foreach":false,"compat_forvarin":false,"compat_metadata":false,"compat_uW_gmonkey":false,"compat_wrappedjsobject":true,"compatopts_for_requires":true,"noframes":null,"override":{"merge_connects":true,"merge_excludes":true,"merge_includes":true,"merge_matches":true,"orig_connects":["weibo.com","www.weibo.com","s.weibo.com","video.weibo.com","t.cn","www.miaopai.com","ent.v.sina.cn"],"orig_excludes":["http://weibo.com/a/bind/*","http://weibo.com/nguide/*","http://weibo.com/"],"orig_includes":["http://www.weibo.com/*","http://weibo.com/*","http://d.weibo.com/*","http://s.weibo.com/*"],"orig_matches":[],"orig_noframes":null,"orig_run_at":"document-start","use_connects":[],"use_excludes":[],"use_includes":[],"use_matches":[]},"run_at":null},"settings":{"enabled":true,"position":7},"meta":{"name":"Yet Another Weibo Filter","uuid":"f63aa6d0-4aac-4245-bf33-eb903cf063ad","modified":1479037565435,"file_url":"https://greasyfork.org/scripts/3249-yet-another-weibo-filter/code/Yet%20Another%20Weibo%20Filter.user.js"}}