{"options":{"awareOfChrome":false,"comment":null,"compat_arrayleft":false,"compat_foreach":false,"compat_forvarin":false,"compat_metadata":false,"compat_prototypes":true,"compat_uW_gmonkey":false,"compat_wrappedjsobject":false,"compatopts_for_requires":true,"noframes":null,"override":{"merge_connects":true,"merge_excludes":true,"merge_includes":true,"merge_matches":true,"orig_connects":["yeppha.github.io","youtube.com","www.youtube.com","gdata.youtube.com","apis.google.com","plus.googleapis.com","googleapis.com","raw.github.com","raw2.github.com","raw.githubusercontent.com","s.ytimg.com"],"orig_excludes":["http://apiblog.youtube.com/*","https://apiblog.youtube.com/*","http://*.youtube.com/subscribe_embed?*","https://*.youtube.com/subscribe_embed?*"],"orig_includes":["http://www.youtube.com/*","https://www.youtube.com/*","http://youtube.com/*","https://youtube.com/*","http://apis.google.com/*/widget/render/comments?*","https://apis.google.com/*/widget/render/comments?*","http://plus.googleapis.com/*/widget/render/comments?*","https://plus.googleapis.com/*/widget/render/comments?*"],"orig_matches":["http://www.youtube.com/*","https://www.youtube.com/*","http://youtube.com/*","https://youtube.com/*","https://yeppha.github.io/downloads/YouTubeCenter.meta.js","http://s.ytimg.com/yts/jsbin/*","https://s.ytimg.com/yts/jsbin/*","https://raw.github.com/YePpHa/YouTubeCenter/master/*","https://raw.githubusercontent.com/YePpHa/YouTubeCenter/master/*","http://raw.github.com/YePpHa/YouTubeCenter/master/*","http://raw.githubusercontent.com/YePpHa/YouTubeCenter/master/*","http://apis.google.com/*/widget/render/comments?*","https://apis.google.com/*/widget/render/comments?*","http://plus.googleapis.com/*/widget/render/comments?*","https://plus.googleapis.com/*/widget/render/comments?*"],"orig_noframes":null,"orig_run_at":"document-start","use_blockers":[],"use_connects":[],"use_excludes":[],"use_includes":[],"use_matches":[]},"run_at":null},"settings":{"enabled":true,"position":13},"meta":{"name":"YouTube Center Developer Build","uuid":"b390d212-1860-45e2-8f7d-feab596608d4","modified":1477672958882,"file_url":"https://github.com/YePpHa/YouTubeCenter/raw/master/dist/YouTubeCenter.user.js"}}