{"data":{"YouTubeCenterSettings":"s{\"player_gap\":false,\"google_apikey\":\"\",\"placementTransformation\":[],\"hideFooter\":false,\"enablePlayerDocking\":false,\"hideHeaderWhenPlayerPlayingTransitionTime\":600,\"hideHeaderWhenPlayerPlayingKeepScrollPosition\":false,\"hideHeaderWhenPlayerPlayingFocus\":true,\"hideHeaderWhenPlayerPlayingMouseThreshold\":90,\"hideHeaderWhenPlayerPlayingMouseVisibility\":true,\"hideHeaderWhenPlayerPlayingTransition\":true,\"hideHeaderWhenPlayerPlaying\":false,\"limitSearchRowWidthEnabled\":false,\"limitSearchRowWidth\":700,\"useStaticLogo\":true,\"defaultLanguage\":\"zh-CN\",\"hideWatchLaterOnPlayer\":false,\"likedislikeUIEnabled\":true,\"sparkbarEnabled\":true,\"videoThumbnailQualityFPS\":true,\"enableComments\":true,\"channelUploadedVideosPlaylist\":false,\"ytOnlyStageMode\":false,\"playerGlowEffectOnPlayer\":\"both\",\"bufferEnabled\":false,\"bufferSize\":569228273678,\"embedBufferEnabled\":false,\"embedBufferSize\":569228273678,\"channelBufferEnabled\":false,\"channelBufferSize\":569228273678,\"playlistAutoPlay\":true,\"playlistAutoPlayFreeze\":false,\"playerGlowEnabled\":false,\"playerGlowPixelInterval\":100,\"playerGlowRequestAnimationFrame\":true,\"playerGlowUpdateInterval\":20,\"playerGlowTransition\":0,\"playerGlowBlur\":15,\"playerGlowSpread\":5,\"playerGlowOpacity\":75,\"playerGlowFactor\":50,\"playerMultiGlowEffect\":true,\"playerMultiGlowEffectDepth\":10,\"playerMultiGlowEffectBlockInterval\":5,\"likeButtonColor\":\"#000000\",\"likeButtonHoverColor\":\"#000000\",\"dislikeButtonColor\":\"#000000\",\"dislikeButtonHoverColor\":\"#000000\",\"likedButtonColor\":\"#2793e6\",\"likedButtonHoverColor\":\"#2793e6\",\"dislikedButtonColor\":\"#000000\",\"dislikedButtonHoverColor\":\"#000000\",\"likeButtonOpacity\":60,\"likeButtonHoverOpacity\":70,\"dislikeButtonOpacity\":60,\"dislikeButtonHoverOpacity\":70,\"likedButtonOpacity\":80,\"likedButtonHoverOpacity\":100,\"dislikedButtonOpacity\":80,\"dislikedButtonHoverOpacity\":100,\"enable_custom_fexp\":false,\"custom_fexp\":\"\",\"hideLangAlert\":true,\"staticHeader_scrollToPlayer\":false,\"staticHeader\":false,\"debugConsole\":true,\"gridCollectionPage\":true,\"logoLink\":\"/\",\"hideRecommendedChannels\":false,\"repeatShowText\":true,\"enableYouTubeShortcuts\":true,\"disableFeedItemActionMenu\":false,\"disableGuideCount\":false,\"YouTubeExperiments\":[],\"headlineTitleExpanded\":false,\"videoThumbnailQualitySeparated\":true,\"embedWriteEmbedMethodReloadDelay\":1000,\"embedWriteEmbedMethod\":\"test5\",\"fixHTML5Annotations\":false,\"saveErrorStatusTimeout\":5000,\"saveStatusTimeout\":2000,\"flexWidthOnChannelPage\":true,\"playerDarkSideBGRetro\":false,\"playerDarkSideBGColor\":\"#1b1b1b\",\"playerDarkSideBG\":false,\"videoThumbnailRatingsBarHeight\":2,\"sparkbarHeight\":2,\"sparkbarLikesColor\":\"#590\",\"sparkbarDislikesColor\":\"#ccc\",\"commentsPlusLinkRedirectConfirm\":true,\"commentsPlusScrollToCommentAtCollapse\":true,\"commentsPlusRemoveLinks\":false,\"commentsPlusBlacklist\":[{\"type\":\"equals\",\"length\":1},{\"type\":\"repeat\",\"amount\":9},{\"type\":\"profilelinks\",\"regex\":\"${username}\",\"attr\":\"textContent\"},{\"type\":\"hashlinks\",\"regex\":\"fixyoutube\",\"attr\":\"textContent\"}],\"commentsPlusWhitelist\":[],\"likeSwitchToTab\":\"none\",\"endOfVideoAutoSwitchToTab\":\"none\",\"topScrollPlayerEnabled\":false,\"topScrollPlayerActivated\":false,\"topScrollPlayerExitOnVideoEnd\":false,\"topScrollPlayerEnterOnVideoPlay\":false,\"topScrollPlayerExitOnVideoPause\":false,\"topScrollPlayerTimesToEnter\":1,\"topScrollPlayerTimesToExit\":0,\"topScrollPlayerCountIncreaseBefore\":true,\"topScrollPlayerHideScrollbar\":false,\"topScrollPlayerBumpTimer\":2000,\"topScrollPlayerAnimation\":true,\"topScrollPlayerEnabledOnlyVideoPlaying\":true,\"topScrollPlayerScrollUpToExit\":false,\"debug_settings_playersize\":false,\"debug_settings_buttonPlacement\":false,\"debug_settings_videoThumbnailData\":false,\"debug_settings_commentCountryData\":false,\"debug_settings_watchedVideos\":false,\"debug_settings_notwatchedVideos\":false,\"debug_playervars\":false,\"debug_spf_args\":false,\"signatureDecipher\":[],\"embed_defaultAutoplay\":true,\"hideTicker\":true,\"enableEndscreenAutoplay\":false,\"removeYouTubeTitleSuffix\":true,\"playerPlayingTitleIndicator\":false,\"playerOnlyOneInstancePlaying\":true,\"videoThumbnailAnimationEnabled\":true,\"videoThumbnailAnimationShuffle\":false,\"videoThumbnailAnimationDelay\":1000,\"videoThumbnailAnimationInterval\":700,\"videoThumbnailAnimationFallbackInterval\":2000,\"forcePlayerType\":\"default\",\"embed_forcePlayerType\":\"default\",\"channel_forcePlayerType\":\"default\",\"settingsDialogMode\":true,\"ytExperimentFixedTopbar\":false,\"ytspf\":false,\"videoThumbnailCacheSize\":500,\"commentCacheSize\":500,\"watchedVideosIndicator\":true,\"hideWatchedVideos\":false,\"watchedVideos\":[\"x3InqsZ7o3Y\",\"GlDIIFFIXrg\",\"wgO8dy8mpZM\",\"dYKzkoKuDGU\",\"73l3eku_GOo\",\"xgAGatavpww\",\"zdfllJf6lXg\",\"JTNbtQvKamU\",\"tipPjXYDmNA\",\"zE6o19OYe48\",\"ShWNn6SWjyE\",\"0pJmprpGL9Q\",\"IMR6W11lmbk\",\"NzNSq2lxYnw\",\"QtMx_KBaEFk\",\"j0Vqc1kbaNw\",\"tx9JcuQgoLI\",\"r0YJDSVkmbQ\",\"HdMOBy5-6Rc\",\"QXdCXsDcROw\",\"RDfk2GU9w0Y\",\"_Cjuepc2r_g\",\"nUYBD7zQvaI\",\"fGlwWz7dPQ8\",\"4c357Vcp0-4\",\"2VZCy7ngYbw\",\"AmuYFBTK6ts\",\"ksozRsuPUfE\",\"PmTSN4zWeQ0\",\"kl1UPoYSAow\",\"r2xFS1c7wo4\",\"NwSQAsrXhAI\",\"ntfsX6rnDyg\",\"JuXMoupcmR8\",\"6a03MS24pho\",\"WmHtebBGzjg\",\"mOwYlhUbsko\",\"cx20nTPZjes\",\"r-1pJTCFOM4\",\"DxV0RD4clHA\",\"mV7KeHRu6os\",\"46LqbX6mw88\",\"d0TaZdKweF4\",\"z5EXNfHYPfQ\",\"gThlC2JYAOk\",\"ngyHmFJ4ke4\",\"P5QEeggIV7k\",\"7ww_QnwqwzY\",\"_d6KuiuteIA\",\"MUWq9Txp49s\",\"6l-bQEhDnfY\",\"-0wkStV6w2E\",\"eDA1nyZreeQ\",\"iDjzk-2gYCE\",\"LKVBSqpkZyk\",\"2INuBowynB8\",\"ECJKy7ClBXY\",\"73TMQzTEnw0\",\"AjQmPx-Oe6U\",\"0EVmJWuQjJE\",\"3T8AA8kanBk\",\"Ed7iy0gVywo\",\"qoPT6lmkSVQ\",\"20UEAdwyngo\",\"cP8yzJhe-BA\",\"5u0ehcoSGfQ\",\"jwiRE-QneVo\",\"JpaD0BX9yZM\",\"kqaIL_XJjSI\",\"O6NvsM49N6w\",\"yZT-x76GDXM\",\"tDJgMiGKgPA\",\"BlgwV5unTO4\",\"pNSKQ9Qp36M\",\"c44oJ-ZvBdc\",\"bDz9tFytih4\",\"IoaIXg4ppdE\",\"ub1UL6GXddY\",\"CMYx2_orF18\",\"pvgviEcjSU4\",\"LM7XucUp9F0\",\"m7plA1ALkQw\",\"9QPU-VFvQ6M\",\"i_zdyuLsOkc\",\"Rb1-miBsiGw\",\"xP2OLg2r9NA\",\"iXbeFXKbF4Q\",\"xz-zlixKq-o\",\"CfGaLkab1EY\",\"ISbMw3LY0g0\",\"KTBi1Cbhvhw\",\"W8tJLZhseuM\",\"QBvMOk_XVXg\",\"bCFKJcHtgMo\",\"K7WrUBlVJso\",\"XJqbX6IDTTg\",\"uYkzd5vimsU\",\"pP0kPAbTIys\",\"ojLmxBuBET0\",\"h3fFPfHN2-0\",\"7GA9xwtT1g8\",\"JjgQTkxFQ3o\",\"_POBFLZXD7s\",\"DusSxG3MCu8\",\"6Wt4Jdlrdm4\",\"tSKVZXAdhUQ\",\"V273XSgxh6Y\",\"8EMJUP-6z78\",\"8Hkc5Oru4HA\",\"q0bh6R5AyYM\",\"j3EoNzf8QGI\",\"_Vajt71oTds\",\"gyAQfQRnp7k\",\"VWUZQfMzY34\",\"1BaqWxJjhJw\",\"gdidfRamFcc\",\"Mp8v8T6JZ8g\",\"wJaOvZ_7kd0\",\"8_MunAZnKnk\",\"ijQsHTmW2Tw\",\"4FE2GNNKNaY\",\"bBlQ9qTVGdg\",\"NBh1kARljQs\",\"JLrMHEt6WMQ\",\"LYxbraXh3Y4\",\"mfp91INrWHc\",\"q3WkqI0O1lw\",\"ISHLixjCrkE\",\"jBkk5gULEaU\",\"o8gV6oyOIJ0\",\"VsYuTm1ppos\",\"gKvwoLOYbkM\",\"bWKhDM6bk1Y\",\"4_aBZzyxQXc\",\"f0x4coMGVXM\",\"JdwT8VhmA2w\",\"_Lqt8zWEnSo\",\"EQx4KbkFwuY\",\"zpXFmri54r4\",\"pQyjzmB_YeU\",\"PL8GYITCKMQ\",\"n7eegwTmtdU\",\"rSmvad9uhGo\",\"kX8YMzsP310\",\"tVuFyPQXomI\",\"rxI1yWm76OI\",\"X0ylEEfKgw4\",\"jMSruXRYgRk\",\"BLZtRWRw0hM\",\"G9QTYQC-96c\",\"zWby_iWSFJI\",\"GBMjB59_AAA\",\"4sfwDyiPTdU\",\"YO8SL_6y1EE\",\"HAZAIKyWfIU\",\"5gLnavg7eZA\",\"sieTSt-zsBo\",\"DTsMiYpqswQ\",\"Li4J1wFNzik\",\"EYkof-csPfI\",\"c3wKeFzsV00\",\"e8qIloH5IXI\",\"r8qGYsEn3e8\",\"nV-ZvYcTNuY\",\"gt0cJGnJLVk\",\"-soWyKyFssM\",\"jsymQdrYqT8\",\"b-_jqhkBk7M\",\"xB4u4ncLl_A\",\"3LNy1YjU_0Y\",\"8dUp9hZAOUk\",\"x7Fd7yElLoE\",\"JXAGYJSS1bU\",\"bgsx_1IVzTE\",\"LDBmhXMR9sk\",\"xw7zLpoohWA\",\"P-ANXx_M7gc\",\"5u5OU8MyTAk\",\"t2tihmQH1IM\",\"BkK8yOcvh4s\",\"PPJTXjGhUGU\",\"kBpguYCS9Cw\",\"SahV3HpIHvE\",\"zQLbKLYiTLo\",\"oe5bmGwJvPo\",\"DCBs14XT82Q\",\"CmOZYZLsT-0\",\"s6SZQy2p6aY\",\"pdmDkF4-u6k\",\"f6hDKQqf1H0\",\"X6UJxSPU4kI\",\"UWF3Csw9l-0\",\"4vDpc9UkSbI\",\"VfNh-2IuxFw\",\"O9IC13gbU9w\",\"pEKEKAGtT2I\",\"4afT6OSSMgo\",\"gLU3ap8aNI8\",\"fu7QDMwNaVY\",\"CKNjXvMB0MY\",\"ZPALMaXLfIw\",\"VmsXGwh37wg\",\"uUb1eA2kcnA\",\"nP-sRfIrte0\",\"ycIpOZY03OM\",\"Nz3aPFHgk-A\",\"pIoC-pd1Q24\",\"DiQAwYXh7u4\",\"n2oh6Fjkshg\",\"XRd01U99FEc\",\"k6WxxrQ2Pf0\",\"Y1d-Bp7KZoE\",\"LeTkw6kmlzg\",\"btzTHV27h6w\",\"BQOJR5sUto0\",\"KQoYTvV1PNM\",\"WnKKojMINas\",\"25NavxEGLvE\",\"GhmoxjptZcM\",\"-G9OtCG8r4s\",\"8WpJvBCAygY\",\"5ElqkNu0KYE\",\"3sMNx7I62BQ\",\"_DqFQP3d1Y8\",\"pE5R9Vjy3Lw\",\"VZgYWMij7CY\",\"NYVDv4AYoQM\",\"VIc1u4gBhDE\",\"BZFu1U_L-es\",\"ipi4Y9kLlkU\",\"kOJx8tYlbGo\",\"_8DMEHxOLQE\",\"niExdgR14Gk\",\"Dtjllca-AaQ\",\"3Za6GKUfMdQ\",\"AHLa-X72BSM\",\"qCRaKmvQJ70\",\"AmRarcvPV0E\",\"6wGqYfDeU78\",\"dr78RsNdhNg\",\"3pWOLpYrJ2A\",\"Hh_XgrcQ9oo\",\"GVyvLday_dc\",\"uoQIZYP1b4U\",\"n8LDrgx0IOY\",\"cLzlTURCjJM\",\"0Z1xQZ97DyY\",\"4qVe6CCFx9Y\",\"MIg_idquv8Q\",\"EI2_219gKHU\",\"1kUfQar4F28\",\"-xbAtc8U_Kg\",\"4x0WLPVWTEA\",\"CpuXvos23Zk\",\"07tkIbbLH_Y\",\"03OA8KlHpQw\",\"LFJHvdW4WOE\",\"Pcw6vH0Eiug\",\"jiAhiu6UqXQ\",\"h3e3WtSaRI4\",\"mK1PmuXFj0A\",\"Flt-QVTBtms\",\"iNSGvZRgjcQ\",\"3zYWkML7jjg\",\"bzQYITx1oQY\",\"qs7yElXtNN0\",\"z6PYAkXO-bU\",\"I6thKtAwzPc\",\"LiQ8yPQFdVU\",\"N-KfnfaJMdw\",\"k_BZup8XFiM\",\"hBkIhV7yVcc\",\"opATTOwHMiU\",\"dtJMxwvSaKE\",\"l9dvuXJmhz8\",\"CLsajeJOJ7A\",\"n14NHQMl3Ao\",\"S1WcoiQe1VQ\",\"I3LjGiv70dM\",\"wU6Y1zqQM1Y\",\"w8KmnMqAc1U\",\"yQlfluojYC0\",\"oxF1DeXVO78\",\"IGZt4LBEcVY\",\"jxQ1SO70b9o\",\"8iox3Lc78sg\",\"Pd3mc6gMnR4\",\"IVThmsFwAq0\",\"_rYISzVvB0U\",\"Zc_ZuDGnNlc\",\"AsB14lEIPl4\",\"6xDI0jqTvvI\",\"49M3Jm8Zeus\",\"a-mOK46tW90\",\"D5nOGsbdNUE\",\"Ebx3XkdS7k4\",\"yfVwXBUHzRw\",\"jQiwsLb9u-Q\",\"mQd7Alo46uQ\",\"SEtbI7x_Vno\",\"vLPYbNw6kHU\",\"rnc4GWls9Gk\",\"UPTVml2Uykw\",\"Y3ySiI03cv0\",\"-Sd-FULSaFs\",\"3SlBx0nbgRo\",\"58ghDpr-p6M\",\"uj5axBu0htI\",\"uGDvudlLpTI\",\"Oqg141kI-RQ\",\"SJhxQg28bL8\",\"Mx9IowNSEUw\",\"QhBJJEC2LOM\",\"B0NMbSuth4c\",\"IcoRdhPrW1w\",\"d3NzsrmVrlw\",\"wegJe90oL38\",\"OoWAZEVs8vQ\",\"DoZDZg-crIw\",\"-PABOf09aes\",\"zHaoe2Coz_w\",\"hxH6bKNPBIA\",\"Hg7ELSX5QcA\",\"cL_wh-d1pP4\",\"kjZBb_RqJ60\",\"P2hIGSEuZwY\",\"CCbJkplGI-I\",\"0SLfCkXDAf8\",\"fvNHDa-ldmc\",\"07C1Ds8Nuqo\",\"ogdRAeT8F2g\",\"ou0kmQsXl7A\",\"asmtYsOp9Fk\",\"c7Tl0pVdcbE\",\"yQxBqvJUvFo\",\"nfgdpXfV-zM\",\"IlbqMsvhZ0c\",\"Vho4-QFeIKc\",\"ITzHRltAJ2s\",\"oyrA-GkdkEo\",\"uPXITHML_Vs\",\"QyME-BZUTi4\",\"RAS98kZ5vXc\",\"sIJtL2jxwiY\",\"gDPs9o_L1GI\",\"TN-Rub-lmc4\",\"4mPOd0asFRE\",\"m5eq0TVxCKw\",\"Z2w62rb7Cys\",\"B7x7WVxgEQ0\",\"WJTLIRf_xP4\",\"q7ag1pUhlBw\",\"yHoxOMXK_fY\",\"sNwpQwn5awY\",\"0r6C3z3TEKw\",\"4lqpMc0DQ9c\",\"jlFkEg3jtY8\",\"OiR6_WuM3xE\",\"yR05g0Co7W4\",\"8bSq4eB9cO8\",\"hGyh9GPKok0\",\"RDrfE9I8_hs\",\"RbM2F-cfN0A\",\"yVcpGtWh0kA\",\"bqWlf8s9kS0\",\"spdescYFqIE\",\"uVbo7ycpkeI\",\"HQRVxTqMnts\",\"ji55py6luIg\",\"71SbR2w3LP4\",\"jI0cIXskuY0\",\"HOHMgZRD5K4\",\"idBgxDki5SU\",\"7C51mkucrnc\",\"iVvb4BudmXE\",\"kwLE1rbGZLI\",\"n5NcCoa9dDU\",\"mEkWpwXE6oo\",\"_TqOLFLcVPM\",\"ye9OeMAc9oE\",\"dx76YPgZviE\",\"tfOsEKtyXlo\",\"Q2meWkWqc-I\",\"K_xTet06SUo\",\"9lNZ_Rnr7Jc\",\"lTgl8AOFXD4\",\"Y3Uga1DYrKE\",\"9-B8LnBNwO8\",\"1n4J4cWTZ74\",\"cZtjTDlhwD8\",\"MtABUypa8Vk\",\"MtOAE8WTQu4\",\"S264ENuNZiw\",\"Uwpagih2G6g\",\"zF6oF9ruBPs\",\"v6amfXNyY3c\",\"kCeHTWCmNWQ\",\"5mVkH4J-Jag\",\"IaKEYEyrRgk\",\"YbryVBMkCeU\",\"n0hV6a1goIk\",\"auyhZ6PW5rk\",\"F3D1gqXPW98\",\"RHiTgTy6yW8\",\"oLGJ5yUqcRo\",\"gxuQ18PmPK4\",\"9kl6S4sx42g\",\"_4S3XBb2OvA\",\"uz6JNn8SiUM\",\"N9SLAnGlGQs\",\"HS38q3YXsY4\",\"CXv1j3GbgLk\",\"ufxBX_uNCa0\",\"rsGIWu62puI\",\"tNxws2dolUM\",\"er0QfqjygBk\",\"lAtvGksBOiw\",\"SRjjKZv2TKQ\",\"h5PRvBpLuJs\",\"7nF2BAfWUEg\",\"Aq3SqVen5AQ\",\"G5EEa01zuqM\",\"sWCeKEZyeUI\",\"Xm13AtTysrY\",\"frUvlhO8o8A\",\"48viMtzQ4rE\",\"gJ7pAxUwu2o\",\"Fx93WJPCCGs\",\"kWNk9irv1e8\",\"yCQOAcsjx1o\",\"hcoVMXLTQzw\",\"3jstaBeXgAs\",\"ARrlhlQiFzM\",\"5GnMj5cus4A\",\"dysnKiXUlRU\",\"aJInc_-1bIA\",\"17OBFRm7kPE\",\"NN5manEFmQU\",\"4T7qkYY7LZM\",\"RTW8z3G1y4s\",\"pTb1_v8M6iA\",\"iDuhLQ43tvQ\",\"CQ_I-boW3uo\",\"GLUFMd0kLvU\",\"9UEcT5GxdBk\",\"mOZ4RCuMmbg\",\"_160oMzblY8\",\"pL9q2lOZ1Fw\",\"m0GGBFBWFfU\",\"ytxx95g-kiA\",\"g0P-A23m3lE\",\"r_U7DKFYuqo\",\"h0LINy7F8-4\",\"VD-FXSfq8JY\",\"g3-SjnES0K8\",\"wg96lDw7sNw\",\"zCGTNArwJ0s\",\"5cOjZVi8BT8\",\"fgr5cgaL1Lo\",\"5Z1X8M5y2Dw\",\"qBCelkEs8bc\",\"Ss_RWctTARU\",\"VeLKqjvmFvQ\",\"L7MkbAKDHJQ\",\"Id7HclNYc0s\",\"UjvTL-30zc0\",\"DV-45RmJcF4\",\"YEanp_eZPhQ\",\"t9QnEejvhgg\",\"vr79s26YaXw\",\"yJdPVsaYXnM\",\"EsZNfhmIu64\",\"_R2JVPJzufg\",\"w_vYuLyfw3E\",\"hx5nbkDy6tc\",\"F3bISk5t8cA\",\"blpycY5JCm0\",\"JEQXUoSzMLE\",\"XjBJHy1hD_A\",\"1RipwqJG50c\",\"K2ZJDZVeheU\"],\"notwatchedVideos\":[],\"watchedVideosLimit\":10000,\"notwatchedVideosLimit\":10000,\"gridSubscriptionsPage\":true,\"compatibilityCheckerForChromeDisable\":false,\"removeRelatedVideosEndscreen\":false,\"enableResize\":false,\"guideMode\":\"default\",\"uploaderCountryEnabled\":true,\"uploaderCountryShowFlag\":true,\"uploaderCountryUseNames\":true,\"uploaderCountryPosition\":\"after_username\",\"commentCountryData\":[],\"commentCountryEnabled\":true,\"commentCountryShowFlag\":true,\"commentCountryUseNames\":true,\"commentCountryLazyLoad\":true,\"commentCountryButtonLoad\":true,\"commentCountryPosition\":\"after_username\",\"videoThumbnailData\":[{\"id\":\"zhhxK83hWzU\",\"reused\":3,\"date\":1479454295653,\"likes\":681,\"dislikes\":10},{\"id\":\"PUh8uiR7Dao\",\"reused\":3,\"date\":1479454295653,\"likes\":851,\"dislikes\":12,\"stream\":{\"type\":\"video/mp4; codecs=\\\"avc1.640028\\\"\",\"index\":\"716-9111\",\"init\":\"0-715\",\"xtags\":\"\",\"quality_label\":\"1080p\",\"size\":\"1920x1080\",\"bitrate\":\"1905713\",\"clen\":\"299963211\",\"projection_type\":\"1\",\"fps\":\"30\",\"itag\":\"137\",\"lmt\":\"1476040106758981\",\"dash\":true},\"storyboard\":\"https://i9.ytimg.com/sb/PUh8uiR7Dao/storyboard3_L$L/$N.jpg|48#27#100#10#10#0#default#8R7pRkrGFRL8LI6MT51OATFLYek|80#45#373#10#10#10000#M$M#W49S1Ics_Yal41TWc8KTf_kxzV4|160#90#373#5#5#10000#M$M#i6zK62o_bt-jern6Xa1TvRuCiTU\"},{\"id\":\"UPo7diICwbA\",\"reused\":5,\"date\":1479454295653,\"likes\":1398,\"dislikes\":18,\"stream\":{\"type\":\"video/mp4; codecs=\\\"avc1.640028\\\"\",\"fps\":\"25\",\"quality_label\":\"1080p\",\"xtags\":\"\",\"init\":\"0-714\",\"clen\":\"276702233\",\"bitrate\":\"4425323\",\"lmt\":\"1479319888074389\",\"itag\":\"137\",\"projection_type\":\"1\",\"size\":\"1920x1080\",\"index\":\"715-2258\",\"dash\":true},\"storyboard\":\"https://i9.ytimg.com/sb/UPo7diICwbA/storyboard3_L$L/$N.jpg|48#27#100#10#10#0#default#d6JJCuuIWZjdtXjTkCMheE0kqpQ|80#45#130#10#10#5000#M$M#YAqXxLzyQWd7NeQizfvfedbGjpQ|160#90#130#5#5#5000#M$M#3Xwj3skOvpAPFxJTWgPdDeLwDik\"},{\"id\":\"XjBJHy1hD_A\",\"reused\":3,\"date\":1479454295653,\"likes\":299,\"dislikes\":112,\"stream\":{\"itag\":\"135\",\"type\":\"video/mp4; codecs=\\\"avc1.4d401e\\\"\",\"init\":\"0-709\",\"size\":\"854x428\",\"projection_type\":\"1\",\"quality_label\":\"480p\",\"xtags\":\"\",\"bitrate\":\"533522\",\"lmt\":\"1399766339626746\",\"clen\":\"66791863\",\"fps\":\"15\",\"index\":\"710-5109\",\"dash\":true},\"storyboard\":\"https://i9.ytimg.com/sb/XjBJHy1hD_A/storyboard3_L$L/$N.jpg|48#27#100#10#10#0#default#ErXBrhWp5yXjCwlUNGaCUIC8phw|89#45#184#10#10#10000#M$M#3ordYlR130HIf0T9fLKJRy5tBB4|179#90#184#5#5#10000#M$M#H5j7WPvk-0uZiZnwc4BUGJdqtUU\"},{\"id\":\"Zr2ocmV5nAA\",\"reused\":3,\"date\":1479454295653,\"likes\":585,\"dislikes\":33},{\"id\":\"0UmJLLTr2gg\",\"reused\":3,\"date\":1479454295653,\"likes\":1071,\"dislikes\":106,\"stream\":{\"clen\":\"291722251\",\"type\":\"video/mp4; codecs=\\\"avc1.640028\\\"\",\"quality_label\":\"1080p\",\"init\":\"0-710\",\"size\":\"1920x1080\",\"bitrate\":\"4131345\",\"lmt\":\"1411111889885420\",\"fps\":\"30\",\"itag\":\"137\",\"projection_type\":\"1\",\"xtags\":\"\",\"index\":\"711-3550\",\"dash\":true},\"storyboard\":\"https://i9.ytimg.com/sb/0UmJLLTr2gg/storyboard3_L$L/$N.jpg|48#27#100#10#10#0#default#tllnfEk-6cfQO8QP8P1qqP8wetE|80#45#119#10#10#10000#M$M#2aoCrkm0htn9JgP-ghcAAzKzvyg|160#90#119#5#5#10000#M$M#nALFwx45Wm9jL0bDs3fusHT43rQ\"},{\"id\":\"Aatp5gCskvk\",\"reused\":3,\"date\":1479454295653,\"likes\":2833,\"dislikes\":30},{\"id\":\"-bpX8YvNg6Y\",\"reused\":3,\"date\":1479454295653,\"likes\":1103,\"dislikes\":22},{\"id\":\"tnWLBoOTXnA\",\"reused\":3,\"date\":1479454295653,\"likes\":11,\"dislikes\":1},{\"id\":\"qRz77mkY46g\",\"reused\":4,\"date\":1479454295653,\"likes\":377,\"dislikes\":18},{\"id\":\"ZUvGfuLlZus\",\"reused\":4,\"date\":1479454295653,\"likes\":1336,\"dislikes\":32},{\"id\":\"ha9kIC0FW5I\",\"reused\":3,\"date\":1479454295653,\"likes\":47,\"dislikes\":8},{\"id\":\"FlCG9sBZgLg\",\"reused\":3,\"date\":1479454295653,\"likes\":1343,\"dislikes\":583},{\"id\":\"Q7hXyTITAS8\",\"reused\":3,\"date\":1479454295653,\"likes\":3479,\"dislikes\":102},{\"id\":\"tq4c86uGMmg\",\"reused\":3,\"date\":1479454295653,\"likes\":464,\"dislikes\":34},{\"id\":\"ZrbatnnRxFc\",\"reused\":3,\"date\":1479454295653,\"likes\":161,\"dislikes\":3},{\"id\":\"n2yBn7Z4JUY\",\"reused\":3,\"date\":1479454295653,\"likes\":2207,\"dislikes\":77},{\"id\":\"iuOslAj9-5A\",\"reused\":3,\"date\":1479454295653,\"likes\":9502,\"dislikes\":120},{\"id\":\"-iP5MJlUnCg\",\"reused\":3,\"date\":1479454295653,\"likes\":568,\"dislikes\":35},{\"id\":\"RKtoreimcQ8\",\"reused\":3,\"date\":1479454295653,\"likes\":26046,\"dislikes\":125},{\"id\":\"ytDamqTjPwg\",\"reused\":3,\"date\":1479454295653,\"likes\":1518,\"dislikes\":31},{\"id\":\"-cHHE5uk3wY\",\"reused\":3,\"date\":1479454295653,\"likes\":1334,\"dislikes\":409},{\"id\":\"SIMF8bp5-qg\",\"reused\":5,\"date\":1479454295653,\"likes\":1125,\"dislikes\":74},{\"id\":\"KWzRe6y5ePI\",\"reused\":3,\"date\":1479454295653,\"likes\":4663,\"dislikes\":100},{\"id\":\"B95Pem9XW7k\",\"reused\":3,\"date\":1479454305584,\"likes\":1455,\"dislikes\":15},{\"id\":\"1gIIega50To\",\"reused\":3,\"date\":1479454305585,\"likes\":1172,\"dislikes\":6},{\"id\":\"LP2pjGYVr8c\",\"reused\":3,\"date\":1479454305585,\"likes\":394,\"dislikes\":87},{\"id\":\"RCQDjUzofhU\",\"reused\":3,\"date\":1479454305585,\"likes\":887,\"dislikes\":33},{\"id\":\"q-6nkJgDEok\",\"reused\":3,\"date\":1479454305585,\"likes\":1299,\"dislikes\":409},{\"id\":\"-4_on9zj-zs\",\"reused\":3,\"date\":1479454305585,\"likes\":1772,\"dislikes\":38},{\"id\":\"8cg265bpzE8\",\"reused\":3,\"date\":1479454305585},{\"id\":\"hm7tFdMrqjc\",\"reused\":3,\"date\":1479454305585},{\"id\":\"B137q8HQeII\",\"reused\":3,\"date\":1479454305585},{\"id\":\"yWmCvF1Q9QU\",\"reused\":3,\"date\":1479454305585},{\"id\":\"65Bovqz--0o\",\"reused\":3,\"date\":1479454305585},{\"id\":\"LqmVaf2KHYA\",\"reused\":3,\"date\":1479454322793,\"likes\":507,\"dislikes\":13,\"stream\":{\"xtags\":\"\",\"init\":\"0-714\",\"quality_label\":\"1080p\",\"itag\":\"137\",\"bitrate\":\"3901720\",\"lmt\":\"1447402545349479\",\"fps\":\"30\",\"index\":\"715-3758\",\"type\":\"video/mp4; codecs=\\\"avc1.640028\\\"\",\"projection_type\":\"1\",\"size\":\"1920x1080\",\"clen\":\"311774621\",\"dash\":true},\"storyboard\":\"https://i9.ytimg.com/sb/LqmVaf2KHYA/storyboard3_L$L/$N.jpg|48#27#100#10#10#0#default#Th1SsHBYUb-e772AtI4NS2PJ7TU|80#45#135#10#10#10000#M$M#KkP1WK0qfAguRyhRxYuQWPP9y50|160#90#135#5#5#10000#M$M#G764t021gjfV_ffI8w-QfQvK57A\"},{\"id\":\"qBCelkEs8bc\",\"reused\":3,\"date\":1479454322794,\"likes\":579,\"dislikes\":45,\"stream\":{\"init\":\"0-708\",\"itag\":\"135\",\"lmt\":\"1411005001297109\",\"quality_label\":\"480p\",\"xtags\":\"\",\"bitrate\":\"565459\",\"type\":\"video/mp4; codecs=\\\"avc1.4d401e\\\"\",\"projection_type\":\"1\",\"fps\":\"30\",\"index\":\"709-7064\",\"size\":\"640x480\",\"clen\":\"71153032\",\"dash\":true},\"storyboard\":\"https://i9.ytimg.com/sb/qBCelkEs8bc/storyboard3_L$L/$N.jpg|48#27#100#10#10#0#default#Y2gDf2Ei5QhqUuBcaeEluVpffFo|60#45#265#10#10#10000#M$M#jyX7RcDW8ujFshMQ1t4BeLMiQ_I|120#90#265#5#5#10000#M$M#BkrgDTqrAxII8Rfp3QV9RLiVcsU\"},{\"id\":\"48viMtzQ4rE\",\"reused\":3,\"date\":1479454322794,\"likes\":381,\"dislikes\":5},{\"id\":\"frUvlhO8o8A\",\"reused\":4,\"date\":1479454322794,\"likes\":266,\"dislikes\":17},{\"id\":\"G5EEa01zuqM\",\"reused\":3,\"date\":1479454322794,\"likes\":23},{\"id\":\"sIJtL2jxwiY\",\"reused\":3,\"date\":1479454322794,\"likes\":565,\"dislikes\":43},{\"id\":\"oNRDvDIqD1M\",\"reused\":3,\"date\":1479454322794,\"likes\":7092,\"dislikes\":166},{\"id\":\"Qk8epmCMdnQ\",\"reused\":3,\"date\":1479454322794,\"likes\":4154,\"dislikes\":96},{\"id\":\"r4IDLvwgDbU\",\"reused\":3,\"date\":1479454322795,\"likes\":2658,\"dislikes\":32},{\"id\":\"i6kl19bmDXI\",\"reused\":3,\"date\":1479454322795,\"likes\":15366,\"dislikes\":233},{\"id\":\"1HGzYNrwIAk\",\"reused\":3,\"date\":1479454322795,\"likes\":2148,\"dislikes\":43},{\"id\":\"f4bV5Fg49h0\",\"reused\":3,\"date\":1479454322795,\"likes\":4168,\"dislikes\":98},{\"id\":\"gP8Vs5boIDk\",\"reused\":2,\"date\":1479454331826,\"likes\":244,\"dislikes\":5},{\"id\":\"xliuDNxo2RE\",\"reused\":4,\"date\":1479454331826,\"likes\":225,\"dislikes\":5},{\"id\":\"qT_gwl1drhc\",\"reused\":4,\"date\":1479454331826,\"likes\":750,\"dislikes\":56},{\"id\":\"a5AceLYWE1Q\",\"reused\":2,\"date\":1479454331826,\"likes\":848,\"dislikes\":32},{\"id\":\"2Am43kDH4ms\",\"reused\":2,\"date\":1479454331826,\"likes\":221,\"dislikes\":3,\"stream\":{\"lmt\":\"1434876035063953\",\"itag\":\"133\",\"bitrate\":\"280880\",\"quality_label\":\"240p\",\"xtags\":\"\",\"size\":\"320x216\",\"clen\":\"62870673\",\"projection_type\":\"1\",\"index\":\"675-8662\",\"type\":\"video/mp4; codecs=\\\"avc1.4d400d\\\"\",\"fps\":\"15\",\"init\":\"0-674\",\"dash\":true},\"storyboard\":\"https://i9.ytimg.com/sb/2Am43kDH4ms/storyboard3_L$L/$N.jpg|48#27#100#10#10#0#default#RqYSNDePaMesFElGbeQ2VUW_fds|66#45#355#10#10#10000#M$M#WJiNA4UkSj4dLAQxzJRtxHFIZZI\"},{\"id\":\"B8DjTcANBx0\",\"reused\":2,\"date\":1479454341759,\"likes\":2124,\"dislikes\":19},{\"id\":\"h98KtUgUOsg\",\"reused\":2,\"date\":1479454341759,\"likes\":691,\"dislikes\":55,\"stream\":{\"xtags\":\"\",\"size\":\"1280x720\",\"bitrate\":\"1028047\",\"projection_type\":\"1\",\"index\":\"711-6946\",\"type\":\"video/mp4; codecs=\\\"avc1.4d401f\\\"\",\"lmt\":\"1429702024106610\",\"init\":\"0-710\",\"quality_label\":\"720p\",\"fps\":\"15\",\"itag\":\"136\",\"clen\":\"330299214\",\"dash\":true},\"storyboard\":\"https://i9.ytimg.com/sb/h98KtUgUOsg/storyboard3_L$L/$N.jpg|48#27#100#10#10#0#default#bgTNCOSxmLtV0Vvtpp0bwUsUHgI|80#45#277#10#10#10000#M$M#MU5Y-1g8hwotDGxv4K76fnHPZkY|160#90#277#5#5#10000#M$M#rjwY18k1a1rU-1rwMqvFt3ebVTU\"},{\"id\":\"31D94QOo2gY\",\"reused\":3,\"date\":1479454341759,\"likes\":1569,\"dislikes\":35},{\"id\":\"3jstaBeXgAs\",\"reused\":2,\"date\":1479454361836,\"likes\":10113,\"dislikes\":569},{\"id\":\"F3bISk5t8cA\",\"reused\":2,\"date\":1479454361837,\"likes\":598,\"dislikes\":4},{\"id\":\"ARrlhlQiFzM\",\"reused\":3,\"date\":1479454361837,\"likes\":2035,\"dislikes\":142},{\"id\":\"blpycY5JCm0\",\"reused\":2,\"date\":1479454361837,\"likes\":277,\"dislikes\":6},{\"id\":\"ThmNcuK5Efc\",\"reused\":2,\"date\":1479454378426,\"stream\":{\"index\":\"715-6878\",\"size\":\"1920x1080\",\"init\":\"0-714\",\"itag\":\"137\",\"quality_label\":\"1080p\",\"xtags\":\"\",\"type\":\"video/mp4; codecs=\\\"avc1.640028\\\"\",\"lmt\":\"1472126769645461\",\"clen\":\"738436316\",\"bitrate\":\"4391369\",\"fps\":\"30\",\"projection_type\":\"1\",\"dash\":true},\"storyboard\":\"https://i9.ytimg.com/sb/ThmNcuK5Efc/storyboard3_L$L/$N.jpg|48#27#100#10#10#0#default#S_DMj7ERyX5_UH5KkPkgo0l8rgg|80#45#274#10#10#10000#M$M#RbaOdMv5XjXE-19A7T3qMZyIbiI|160#90#274#5#5#10000#M$M#W3tk5Hy2TciV_s8l9D5xH7Zuugs\"},{\"id\":\"h5PRvBpLuJs\",\"reused\":2,\"date\":1479454431984,\"likes\":2474,\"dislikes\":124},{\"id\":\"N4kfsxF8Tio\",\"reused\":2,\"date\":1479454431984,\"likes\":429,\"dislikes\":14},{\"id\":\"iNSGvZRgjcQ\",\"reused\":2,\"date\":1479454431984,\"likes\":1214,\"dislikes\":19},{\"id\":\"W07ZpEv9Sog\",\"reused\":2,\"date\":1479454432392,\"likes\":567,\"dislikes\":49},{\"id\":\"fQh2MWuDdpo\",\"reused\":1,\"date\":1479454448592,\"likes\":3253,\"dislikes\":95},{\"id\":\"mRor7Z8pnkc\",\"reused\":1,\"date\":1479454448592,\"likes\":1098,\"dislikes\":22},{\"id\":\"ZL7Ve3TOCRE\",\"reused\":1,\"date\":1479454448592,\"likes\":5259,\"dislikes\":139},{\"id\":\"kganJ4-nShI\",\"reused\":1,\"date\":1479454448592,\"likes\":3740,\"dislikes\":93},{\"id\":\"L9SCgLcTZmM\",\"reused\":1,\"date\":1479454448592,\"likes\":3232,\"dislikes\":166},{\"id\":\"_CZj-l9MJmg\",\"reused\":1,\"date\":1479454448592,\"likes\":21436,\"dislikes\":332},{\"id\":\"k7H9OmV0OPI\",\"reused\":1,\"date\":1479454448592,\"likes\":5684,\"dislikes\":135},{\"id\":\"VeLKqjvmFvQ\",\"reused\":1,\"date\":1479454448592,\"likes\":10622,\"dislikes\":309},{\"id\":\"CQ-TfFDBlM8\",\"reused\":1,\"date\":1479454448592,\"likes\":6285,\"dislikes\":190},{\"id\":\"IjendaOmf40\",\"reused\":1,\"date\":1479454448593,\"likes\":905,\"dislikes\":54},{\"id\":\"18nJ3hjUCTw\",\"reused\":1,\"date\":1479454448593,\"likes\":26524,\"dislikes\":1559},{\"id\":\"gXKO2WQ862Y\",\"reused\":0,\"date\":1479454487106,\"likes\":80,\"dislikes\":3},{\"id\":\"iSSRaIU9_Vc\",\"reused\":0,\"date\":1479454487107,\"likes\":3377,\"dislikes\":81},{\"id\":\"UNgvShN4USU\",\"reused\":0,\"date\":1479454487107,\"likes\":389,\"dislikes\":3},{\"id\":\"Pk1hjIMR3ro\",\"reused\":0,\"date\":1479454487107,\"likes\":210,\"dislikes\":9,\"stream\":{\"projection_type\":\"1\",\"index\":\"712-7619\",\"type\":\"video/mp4; codecs=\\\"avc1.4d401e\\\"\",\"fps\":\"15\",\"init\":\"0-711\",\"lmt\":\"1439710147289873\",\"itag\":\"135\",\"bitrate\":\"560124\",\"quality_label\":\"480p\",\"xtags\":\"\",\"size\":\"854x428\",\"clen\":\"96660802\",\"dash\":true},\"storyboard\":\"https://i9.ytimg.com/sb/Pk1hjIMR3ro/storyboard3_L$L/$N.jpg|48#27#100#10#10#0#default#a785Vg-uQfWK3PklzYp085--LS8|89#45#307#10#10#10000#M$M#mUvMkPWJ2NFL4ri18lLxv8FJXEQ|179#90#307#5#5#10000#M$M#cQf4VdIJ4AxysbH5KRbx2Qn7iYo\"},{\"id\":\"1RipwqJG50c\",\"reused\":0,\"date\":1479454493728,\"likes\":212,\"dislikes\":1,\"stream\":{\"fps\":\"24\",\"itag\":\"137\",\"init\":\"0-714\",\"clen\":\"635365079\",\"type\":\"video/mp4; codecs=\\\"avc1.640028\\\"\",\"quality_label\":\"1080p\",\"index\":\"715-7658\",\"bitrate\":\"3714830\",\"size\":\"1920x1080\",\"lmt\":\"1469784296535348\",\"xtags\":\"\",\"projection_type\":\"1\",\"dash\":true},\"storyboard\":\"https://i9.ytimg.com/sb/1RipwqJG50c/storyboard3_L$L/$N.jpg|48#27#100#10#10#0#default#rtO6Iekl4ZzRrpCaJ4x0w8gh_jE|80#45#309#10#10#10000#M$M#eVdnC4I2bcwd5BWTh1y422xoIOs|160#90#309#5#5#10000#M$M#D8rw4uLTEET1np4fbqKW7j8laks\"},{\"id\":\"DU8hg4FTm0g\",\"reused\":0,\"date\":1479454493729,\"likes\":968,\"dislikes\":9,\"stream\":{\"lmt\":\"1429950215202329\",\"itag\":\"135\",\"projection_type\":\"1\",\"init\":\"0-709\",\"index\":\"710-8109\",\"type\":\"video/mp4; codecs=\\\"avc1.4d401e\\\"\",\"xtags\":\"\",\"clen\":\"89252453\",\"size\":\"854x428\",\"bitrate\":\"374319\",\"quality_label\":\"480p\",\"fps\":\"15\",\"dash\":true},\"storyboard\":\"https://i9.ytimg.com/sb/DU8hg4FTm0g/storyboard3_L$L/$N.jpg|48#27#100#10#10#0#default#izCVSkFR-U_Ez6JtO-yVIEs65cU|89#45#317#10#10#10000#M$M#4q__Jy5PO50OnlaqUrNztrThgTo|179#90#317#5#5#10000#M$M#w2m921z9v2hk-LOSSW7EGqdEqJE\"},{\"id\":\"0psL0qJWLb8\",\"reused\":0,\"date\":1479454499354,\"likes\":170,\"dislikes\":25}],\"videoThumbnailQualityBar\":true,\"videoThumbnailQualityPosition\":\"topleft\",\"videoThumbnailQualityDownloadAt\":\"hover_thumbnail\",\"videoThumbnailQualityVisible\":\"always\",\"videoThumbnailRatingsBar\":true,\"videoThumbnailRatingsBarPosition\":\"bottom\",\"videoThumbnailRatingsBarDownloadAt\":\"scroll_into_view\",\"videoThumbnailRatingsBarVisible\":\"always\",\"videoThumbnailRatingsBarLikesColor\":\"#590\",\"videoThumbnailRatingsBarDislikesColor\":\"#f00\",\"videoThumbnailRatingsBarDefaultColor\":\"#ccc\",\"videoThumbnailRatingsCount\":true,\"videoThumbnailRatingsCountPosition\":\"bottomleft\",\"videoThumbnailRatingsCountDownloadAt\":\"scroll_into_view\",\"videoThumbnailRatingsCountVisible\":\"show_hover\",\"videoThumbnailWatchLaterPosition\":\"bottomright\",\"videoThumbnailWatchLaterVisible\":\"show_hover\",\"videoThumbnailTimeCodePosition\":\"bottomright\",\"videoThumbnailTimeCodeVisible\":\"hide_hover\",\"dashPlayback\":true,\"embed_dashPlayback\":true,\"channel_dashPlayback\":true,\"language\":\"auto\",\"filename\":\"{title}\",\"fixfilename\":false,\"flexWidthOnPage\":true,\"enableAutoVideoQuality\":true,\"autoVideoQuality\":\"hd720\",\"removeAdvertisements\":true,\"preventAutoPlay\":false,\"preventAutoBuffer\":false,\"preventTabAutoPlay\":false,\"preventTabAutoBuffer\":false,\"preventTabPlaylistAutoPlay\":false,\"preventTabPlaylistAutoBuffer\":false,\"preventPlaylistAutoPlay\":false,\"preventPlaylistAutoBuffer\":false,\"scrollToPlayer\":true,\"expandDescription\":false,\"enableAnnotations\":true,\"enableShortcuts\":true,\"autohide\":\"-1\",\"enableVolume\":false,\"volume\":100,\"mute\":false,\"enableDownload\":true,\"downloadQuality\":\"highres\",\"downloadFormat\":\"mp4\",\"downloadAsLinks\":true,\"show3DInDownloadMenu\":false,\"enableRepeat\":true,\"repeatSave\":false,\"autoActivateRepeat\":false,\"mp3Services\":\"\",\"lightbulbEnable\":true,\"lightbulbBackgroundColor\":\"#000000\",\"lightbulbBackgroundOpaque\":95,\"lightbulbClickThrough\":false,\"lightbulbAutoOff\":false,\"flashWMode\":\"none\",\"playerTheme\":\"dark\",\"playerColor\":\"red\",\"enableUpdateChecker\":true,\"updateCheckerInterval\":\"0\",\"updateCheckerLastUpdate\":1479454481543,\"channel_enableAutoVideoQuality\":true,\"channel_autoVideoQuality\":\"medium\",\"channel_autohide\":\"-1\",\"channel_playerTheme\":\"dark\",\"channel_playerColor\":\"red\",\"channel_flashWMode\":\"none\",\"channel_enableAnnotations\":true,\"channel_preventAutoPlay\":false,\"channel_preventAutoBuffer\":true,\"channel_enableVolume\":false,\"channel_volume\":100,\"channel_mute\":false,\"channel_experimentalFlashMode\":\"clone\",\"channel_experimentalHTML5Mode\":\"none\",\"embed_enabled\":true,\"embed_enableAutoVideoQuality\":true,\"embed_autoVideoQuality\":\"medium\",\"embed_autohide\":\"-1\",\"embed_playerTheme\":\"dark\",\"embed_playerColor\":\"red\",\"embed_flashWMode\":\"none\",\"embed_enableAnnotations\":true,\"embed_preventAutoPlay\":false,\"embed_preventAutoBuffer\":true,\"embed_enableVolume\":false,\"embed_volume\":100,\"embed_mute\":false,\"resizeEnable\":true,\"resizeSave\":false,\"aspectEnable\":true,\"aspectSave\":false,\"aspectValue\":\"default\",\"repeatShowIcon\":true,\"watch7playerguidehide\":false,\"watch7playerguidealwayshide\":false,\"removeBrandingBanner\":true,\"removeBrandingBackground\":true,\"removeBrandingWatermark\":true,\"fixGuideNotVisible\":false,\"hideFeedbackButton\":false,\"bgcolor\":\"default\",\"embed_bgcolor\":\"default\",\"channel_bgcolor\":\"default\",\"player_wide\":false,\"resize-default-playersize\":\"default\",\"resize-small-button\":\"default_fit_to_content\",\"resize-large-button\":\"default_720\",\"playerSizeAspect\":\"16:9\",\"resize-playersizes\":[{\"id\":\"default_small\",\"config\":{\"width\":\"\",\"height\":\"\",\"large\":false,\"align\":true,\"scrollToPlayer\":false,\"scrollToPlayerButton\":false}},{\"id\":\"default_large\",\"config\":{\"width\":\"\",\"height\":\"\",\"large\":true,\"align\":false,\"scrollToPlayer\":false,\"scrollToPlayerButton\":false}},{\"id\":\"default_fit_to_content\",\"config\":{\"customName\":\"Fit to Content\",\"width\":\"1066px\",\"height\":\"\",\"large\":true,\"align\":true,\"scrollToPlayer\":false,\"scrollToPlayerButton\":false}},{\"id\":\"default_collapse_player\",\"config\":{\"customName\":\"Collapse The Player\",\"width\":\"640px\",\"height\":\"0px\",\"large\":false,\"align\":true,\"scrollToPlayer\":false,\"scrollToPlayerButton\":false}},{\"id\":\"default_720\",\"config\":{\"customName\":\"720p\",\"width\":\"1280px\",\"height\":\"\",\"large\":true,\"align\":false,\"scrollToPlayer\":false,\"scrollToPlayerButton\":false}},{\"id\":\"default_1080\",\"config\":{\"customName\":\"1080p\",\"width\":\"1920px\",\"height\":\"\",\"large\":true,\"align\":false,\"scrollToPlayer\":false,\"scrollToPlayerButton\":false}},{\"id\":\"default_70_percent\",\"config\":{\"customName\":\"70%\",\"width\":\"70%\",\"height\":\"\",\"large\":true,\"align\":false,\"scrollToPlayer\":false,\"scrollToPlayerButton\":false}},{\"id\":\"default_80_percent\",\"config\":{\"customName\":\"80%\",\"width\":\"80%\",\"height\":\"\",\"large\":true,\"align\":false,\"scrollToPlayer\":false,\"scrollToPlayerButton\":false}},{\"id\":\"default_90_percent\",\"config\":{\"customName\":\"90%\",\"width\":\"90%\",\"height\":\"\",\"large\":true,\"align\":false,\"scrollToPlayer\":false,\"scrollToPlayerButton\":false}},{\"id\":\"default_100_percent\",\"config\":{\"customName\":\"Fill\",\"width\":\"100%\",\"height\":\"100%\",\"large\":true,\"align\":false,\"scrollToPlayer\":true,\"scrollToPlayerButton\":true}}],\"lastUpdated\":1479454524786,\"cache\":{\"profile_country\":{\"size\":500,\"items\":[]}},\"placementGroups\":{\"ytcenter\":[{\"type\":0,\"uniqueId\":\"downloadgroup\"},{\"type\":0,\"uniqueId\":\"repeatbtn\"},{\"type\":0,\"uniqueId\":\"lightbtn\"},{\"type\":0,\"uniqueId\":\"aspectbtn\"},{\"type\":0,\"uniqueId\":\"resizebtn\"}],\"watch8-secondary-actions\":[{\"type\":1,\"uniqueId\":\"DIV#watch8-secondary-actions.watch-secondary-actions.yt-uix-button-group DIV.yt-uix-menu.yt-uix-videoactionmenu\"},{\"type\":1,\"uniqueId\":\"DIV#watch8-secondary-actions.watch-secondary-actions.yt-uix-button-group BUTTON.yt-uix-button.yt-uix-button-size-default.yt-uix-button-opacity.yt-uix-button-has-icon.no-icon-markup.pause-resume-autoplay.action-panel-trigger.action-panel-trigger-share...yt-uix-tooltip\"},{\"type\":1,\"uniqueId\":\"DIV#watch8-secondary-actions.watch-secondary-actions.yt-uix-button-group DIV.yt-uix-menu\"}],\"watch8-sentiment-actions\":[{\"type\":1,\"uniqueId\":\"DIV#watch7-views-info\"},{\"type\":1,\"uniqueId\":\"DIV#watch8-sentiment-actions SPAN.like-button-renderer.actionable\"}]},\"welcome_launched\":true}"},"ts":1479454524800}