{"options":{"awareOfChrome":false,"comment":null,"compat_arrayleft":false,"compat_foreach":false,"compat_forvarin":false,"compat_metadata":false,"compat_uW_gmonkey":false,"compat_wrappedjsobject":false,"compatopts_for_requires":true,"noframes":null,"override":{"merge_connects":true,"merge_excludes":true,"merge_includes":true,"merge_matches":true,"orig_excludes":["http://www.nicovideo.jp/watch/*?*edit=owner*","http://www.nicovideo.jp/watch/*?*edit=comment*"],"orig_includes":[],"orig_matches":["http://www.nicovideo.jp/watch/*","http://flapi.nicovideo.jp/api/getflv/*?*niconico-video-get-file-uri-347021=on*","http://*.nicovideo.jp/smile?*niconico-video-get-file-uri-347021=on"],"orig_noframes":null,"orig_run_at":"document-end","use_blockers":[],"use_connects":[],"use_excludes":[],"use_includes":[],"use_matches":[]},"run_at":null},"settings":{"enabled":true,"position":11},"meta":{"name":"ニコニコ動画 動画を保存","uuid":"fc586f33-6ae9-4354-9bb5-58b606f02cf9","modified":1472522291575,"file_url":"https://greasyfork.org/scripts/269-%E3%83%8B%E3%82%B3%E3%83%8B%E3%82%B3%E5%8B%95%E7%94%BB-%E5%8B%95%E7%94%BB%E3%82%92%E4%BF%9D%E5%AD%98/code/%E3%83%8B%E3%82%B3%E3%83%8B%E3%82%B3%E5%8B%95%E7%94%BB%20%E5%8B%95%E7%94%BB%E3%82%92%E4%BF%9D%E5%AD%98.user.js"}}